customer_id,customer_name,segment,region,revenue,orders,units,avg_order_value
C00001,Customer 0001,SMB,East,3074410.5121635944,18,24,170800.58400908858
C00002,Customer 0002,Mid-Market,South,5291193.647323358,23,50,230051.89770971122
C00003,Customer 0003,Mid-Market,Central,2845395.3508869833,19,35,149757.65004668332
C00004,Customer 0004,SMB,East,1689643.7924164126,14,14,120688.84231545804
C00005,Customer 0005,SMB,North,2455304.0736673367,19,25,129226.53019301772
C00006,Customer 0006,Enterprise,Central,4742356.557091102,25,61,189694.2622836441
C00007,Customer 0007,Enterprise,East,3001575.3895546696,14,43,214398.24211104782
C00008,Customer 0008,Enterprise,East,6109764.7870633565,22,55,277716.5812301526
C00009,Customer 0009,Mid-Market,North,3769373.6511626597,27,40,139606.43152454295
C00010,Customer 0010,Enterprise,South,8194711.136055057,32,85,256084.72300172053
C00011,Customer 0011,SMB,South,3205072.003761214,13,21,246544.00028932418
C00012,Customer 0012,SMB,Central,3446197.8990271958,22,30,156645.35904669072
C00013,Customer 0013,Mid-Market,West,4706991.186141532,30,49,156899.70620471772
C00014,Customer 0014,Mid-Market,Central,5453407.61459443,29,58,188048.53843429068
C00015,Customer 0015,Mid-Market,South,4044897.0757737095,21,34,192614.14646541473
C00016,Customer 0016,Enterprise,South,7774746.452711037,27,73,287953.572322631
C00017,Customer 0017,SMB,West,2955671.7768059815,27,39,109469.32506688821
C00018,Customer 0018,Enterprise,North,5152551.426622859,22,49,234206.88302831177
C00019,Customer 0019,Enterprise,Central,7024610.0850441605,28,75,250878.93160872
C00020,Customer 0020,Mid-Market,West,2689560.1214649226,14,26,192111.43724749447
C00021,Customer 0021,Enterprise,East,2516278.926349063,15,26,167751.92842327087
C00022,Customer 0022,Mid-Market,South,5998814.175058539,28,51,214243.3633949478
C00023,Customer 0023,SMB,Central,1493875.052589337,14,20,106705.36089923837
C00024,Customer 0024,SMB,Central,1679074.2356821827,18,24,93281.90198234348
C00025,Customer 0025,Mid-Market,East,2634965.363144627,19,29,138682.38753392771
C00026,Customer 0026,SMB,North,3282315.25326262,23,35,142709.35883750522
C00027,Customer 0027,Mid-Market,West,3068606.229076086,14,24,219186.15921972043
C00028,Customer 0028,SMB,North,2000526.435643262,15,21,133368.42904288412
C00029,Customer 0029,Mid-Market,North,3396179.4119876963,21,35,161722.82914227125
C00030,Customer 0030,Mid-Market,East,2212252.5806409214,17,30,130132.50474358362
C00031,Customer 0031,SMB,East,1796065.2079059714,15,22,119737.68052706476
C00032,Customer 0032,Mid-Market,Central,4149634.1689495584,23,53,180418.87691085038
C00033,Customer 0033,Enterprise,South,6318531.38179014,21,55,300882.4467519114
C00034,Customer 0034,Mid-Market,South,2650329.6537405984,17,34,155901.74433768226
C00035,Customer 0035,Mid-Market,West,2177334.474203137,17,33,128078.49848253748
C00036,Customer 0036,Mid-Market,North,2519581.043545909,19,34,132609.52860767944
C00037,Customer 0037,Mid-Market,North,4582303.145890832,21,44,218204.91170908723
C00038,Customer 0038,SMB,West,3446525.9386330633,22,37,156660.2699378665
C00039,Customer 0039,Mid-Market,South,5218139.306187509,28,52,186362.11807812532
C00040,Customer 0040,Mid-Market,East,1537520.7859856193,12,20,128126.73216546827
C00041,Customer 0041,Mid-Market,South,7162385.03224742,27,65,265273.51971286745
C00042,Customer 0042,SMB,Central,2611582.275879625,31,41,84244.58954450404
C00043,Customer 0043,Enterprise,East,2065119.6925811814,16,36,129069.98078632384
C00044,Customer 0044,Enterprise,South,5244860.057256882,23,53,228037.39379377748
C00045,Customer 0045,Mid-Market,Central,3643322.252851305,22,49,165605.5569477866
C00046,Customer 0046,Mid-Market,East,3252154.659405162,23,40,141398.02866978967
C00047,Customer 0047,SMB,South,3877628.473472848,26,46,149139.55667203263
C00048,Customer 0048,Mid-Market,South,6706885.336503555,27,58,248403.16061124278
C00049,Customer 0049,SMB,East,2497789.4235558067,21,29,118942.35350265747
C00050,Customer 0050,Mid-Market,North,4756764.838935905,22,43,216216.5835879957
C00051,Customer 0051,Enterprise,North,7769341.791760545,22,78,353151.8996254793
C00052,Customer 0052,Enterprise,North,5928404.234816418,25,74,237136.1693926567
C00053,Customer 0053,Enterprise,East,2156671.527478404,16,43,134791.97046740024
C00054,Customer 0054,Mid-Market,East,4219509.305103313,20,41,210975.46525516565
C00055,Customer 0055,Mid-Market,East,3370430.7999488353,17,32,198260.63529110796
C00056,Customer 0056,Mid-Market,East,4818149.991631883,23,44,209484.78224486447
C00057,Customer 0057,Mid-Market,South,3230411.677236099,26,40,124246.60297061919
C00058,Customer 0058,Mid-Market,West,3427488.6895768633,21,42,163213.74712270778
C00059,Customer 0059,Mid-Market,North,3255617.981523277,15,38,217041.19876821846
C00060,Customer 0060,Mid-Market,North,4153659.292198547,23,46,180593.88226950206
C00061,Customer 0061,Mid-Market,East,2912981.885764605,18,33,161832.3269869225
C00062,Customer 0062,Mid-Market,West,2728193.3083871463,14,26,194870.95059908187
C00063,Customer 0063,Mid-Market,West,4140302.5845920765,23,48,180013.15585182942
C00064,Customer 0064,Mid-Market,East,2675504.1163560958,19,36,140816.00612400504
C00065,Customer 0065,Mid-Market,West,2677357.3973086006,23,33,116406.8433612435
C00066,Customer 0066,Mid-Market,West,4797555.426468565,27,58,177687.23801735428
C00067,Customer 0067,Mid-Market,West,4656855.320789326,24,44,194035.63836622192
C00068,Customer 0068,Mid-Market,South,1889786.769757459,16,29,118111.67310984118
C00069,Customer 0069,Enterprise,North,7082866.317935563,26,80,272417.93530521396
C00070,Customer 0070,Mid-Market,South,3955095.67191429,23,41,171960.68138757785
C00071,Customer 0071,SMB,North,2972842.2230314794,21,28,141563.9153824514
C00072,Customer 0072,Enterprise,South,4367841.234957463,14,50,311988.65963981877
C00073,Customer 0073,SMB,Central,2164811.8025295497,22,26,98400.53647861589
C00074,Customer 0074,Enterprise,South,6409692.256948946,22,59,291349.6480431339
C00075,Customer 0075,Mid-Market,North,3754455.7514301133,22,41,170657.0796104597
C00076,Customer 0076,Mid-Market,South,6720957.53089884,26,56,258498.3665730323
C00077,Customer 0077,Enterprise,South,7002338.217470978,31,75,225881.8779829348
C00078,Customer 0078,SMB,East,2308333.6853156947,22,35,104924.25842344067
C00079,Customer 0079,Mid-Market,West,4595411.664103146,28,55,164121.84514654093
C00080,Customer 0080,SMB,East,2075897.003054034,11,22,188717.90936854854
C00081,Customer 0081,Mid-Market,East,2460632.124590279,15,31,164042.14163935193
C00082,Customer 0082,SMB,South,1962571.901322753,20,24,98128.59506613764
C00083,Customer 0083,SMB,East,2911795.5286877616,22,30,132354.34221308006
C00084,Customer 0084,Mid-Market,North,3956094.420027303,29,48,136417.04896645874
C00085,Customer 0085,Enterprise,North,5253903.696091753,15,49,350260.2464061169
C00086,Customer 0086,Mid-Market,North,3296875.951036637,22,36,149857.9977743926
C00087,Customer 0087,Mid-Market,East,3931877.1202479596,24,51,163828.21334366497
C00088,Customer 0088,SMB,West,2299094.0653107213,22,30,104504.27569594188
C00089,Customer 0089,Mid-Market,North,2303020.577322711,23,41,100131.32944881351
C00090,Customer 0090,Mid-Market,West,4480405.563013326,28,41,160014.48439333308
C00091,Customer 0091,Enterprise,North,7428236.530820612,27,77,275119.8715118745
C00092,Customer 0092,Mid-Market,East,4185130.5132585526,25,44,167405.2205303421
C00093,Customer 0093,SMB,South,2458619.2825070876,19,30,129401.01486879408
C00094,Customer 0094,Enterprise,South,7348103.870833963,21,73,349909.7081349506
C00095,Customer 0095,SMB,South,3542445.3895822344,20,37,177122.2694791117
C00096,Customer 0096,SMB,West,3255671.012797318,22,32,147985.04603624172
C00097,Customer 0097,Enterprise,South,7492044.665045274,24,59,312168.5277102198
C00098,Customer 0098,Enterprise,North,5779882.296457832,23,64,251299.2302807753
C00099,Customer 0099,Mid-Market,North,3961690.938502643,20,40,198084.54692513213
C00100,Customer 0100,Mid-Market,Central,2910385.3030025866,21,39,138589.7763334565
C00101,Customer 0101,Enterprise,Central,5034127.232769344,22,55,228823.96512587927
C00102,Customer 0102,SMB,East,1389421.398775783,10,14,138942.1398775783
C00103,Customer 0103,Mid-Market,South,3671430.4637266356,17,35,215966.4978662727
C00104,Customer 0104,SMB,Central,2999100.375061757,23,30,130395.66848094595
C00105,Customer 0105,SMB,East,1430090.2287005715,13,18,110006.94066927473
C00106,Customer 0106,SMB,East,3706649.8760210467,31,47,119569.3508393886
C00107,Customer 0107,Mid-Market,South,4436150.328086255,19,44,233481.59621506606
C00108,Customer 0108,Mid-Market,South,4543059.9577032635,24,49,189294.16490430266
C00109,Customer 0109,Mid-Market,North,3506961.962552173,22,40,159407.36193418968
C00110,Customer 0110,Enterprise,Central,4360030.9605816025,17,50,256472.4094459766
C00111,Customer 0111,Mid-Market,South,4958878.912840327,31,68,159963.83589807508
C00112,Customer 0112,Enterprise,North,5284700.204411251,21,48,251652.39068625003
C00113,Customer 0113,Mid-Market,South,7587226.534025856,37,71,205060.17659529342
C00114,Customer 0114,Enterprise,West,1384980.644407342,9,26,153886.73826748243
C00115,Customer 0115,Mid-Market,North,3949809.0061236997,21,40,188086.1431487476
C00116,Customer 0116,Mid-Market,Central,2126527.063051465,17,32,125089.82723832146
C00117,Customer 0117,Mid-Market,East,1992354.5401881142,15,21,132823.63601254096
C00118,Customer 0118,SMB,East,2074899.0868663026,15,28,138326.60579108685
C00119,Customer 0119,Enterprise,South,6567600.35238791,15,51,437840.0234925273
C00120,Customer 0120,SMB,West,2940883.6504429653,26,33,113110.90963242174
C00121,Customer 0121,SMB,West,3872828.067309493,26,37,148954.92566574973
C00122,Customer 0122,Mid-Market,West,3795306.240235423,24,42,158137.7600098093
C00123,Customer 0123,Mid-Market,North,2262463.412255164,20,34,113123.17061275819
C00124,Customer 0124,Mid-Market,South,5645204.4635512065,22,43,256600.20288869122
C00125,Customer 0125,Enterprise,North,5694017.274921413,22,62,258818.9670418824
C00126,Customer 0126,Mid-Market,West,3079243.133247633,14,30,219945.93808911665
C00127,Customer 0127,Enterprise,South,3439038.4999913964,17,36,202296.3823524351
C00128,Customer 0128,SMB,North,2086771.3082650611,13,23,160520.86986654316
C00129,Customer 0129,SMB,North,3129424.3970864895,19,25,164706.5472150784
C00130,Customer 0130,SMB,West,2813502.048991044,20,27,140675.1024495522
C00131,Customer 0131,Mid-Market,North,3505413.8113159435,17,37,206200.81243034962
C00132,Customer 0132,Mid-Market,Central,4074849.86758065,25,44,162993.994703226
C00133,Customer 0133,SMB,West,4771234.4948903555,30,48,159041.14982967853
C00134,Customer 0134,Mid-Market,South,3613826.080328047,19,36,190201.37264884458
C00135,Customer 0135,Enterprise,West,4118966.6478826273,15,36,274597.7765255085
C00136,Customer 0136,Mid-Market,North,5649005.442765602,24,62,235375.22678190007
C00137,Customer 0137,Mid-Market,Central,3537353.7729392927,22,43,160788.80786087693
C00138,Customer 0138,Mid-Market,West,3984596.5240105498,28,47,142307.0187146625
C00139,Customer 0139,Enterprise,East,2902564.338580202,13,36,223274.17989078476
C00140,Customer 0140,Mid-Market,North,5915638.206570176,37,69,159882.11369108586
C00141,Customer 0141,Mid-Market,West,3408768.282794737,21,38,162322.29918070175
C00142,Customer 0142,Enterprise,West,3048542.5333714834,13,30,234503.27179780643
C00143,Customer 0143,Enterprise,Central,3154790.860751248,16,38,197174.428796953
C00144,Customer 0144,Mid-Market,West,2429362.117139944,19,30,127861.16405999704
C00145,Customer 0145,SMB,West,1493622.5893446219,14,20,106687.32781033013
C00146,Customer 0146,Mid-Market,South,4331118.456989457,19,33,227953.6029994451
C00147,Customer 0147,Mid-Market,South,1979361.4555539424,14,27,141382.96111099588
C00148,Customer 0148,SMB,West,2055996.047961107,21,30,97904.57371243366
C00149,Customer 0149,Mid-Market,South,3889275.365630387,24,44,162053.14023459944
C00150,Customer 0150,SMB,North,3653272.2213053675,24,30,152219.67588772366
C00151,Customer 0151,Mid-Market,Central,3325207.2611100473,31,55,107264.75035838863
C00152,Customer 0152,Mid-Market,Central,1910433.1572244829,15,28,127362.2104816322
C00153,Customer 0153,Enterprise,North,8074388.070809936,28,68,288371.0025289263
C00154,Customer 0154,Enterprise,West,9319918.172748292,26,69,358458.3912595497
C00155,Customer 0155,SMB,North,3750137.2392663723,21,36,178577.96377458915
C00156,Customer 0156,SMB,East,2117529.9093095195,18,22,117640.55051719553
C00157,Customer 0157,SMB,South,3347426.590373236,32,44,104607.08094916363
C00158,Customer 0158,SMB,West,2714534.5289892983,23,29,118023.24039083906
C00159,Customer 0159,Enterprise,East,5384055.653606492,20,68,269202.7826803246
C00160,Customer 0160,SMB,East,1982595.7930170544,17,22,116623.28194217967
C00161,Customer 0161,Mid-Market,North,2502112.1503889877,21,32,119148.19763757085
C00162,Customer 0162,SMB,Central,2940454.53336374,24,38,122518.93889015583
C00163,Customer 0163,Enterprise,South,5848416.8557453845,23,67,254278.9937280602
C00164,Customer 0164,Mid-Market,North,5056476.096535806,24,40,210686.50402232524
C00165,Customer 0165,SMB,West,3082904.067185444,26,37,118573.2333532863
C00166,Customer 0166,SMB,South,3947217.183506187,29,46,136110.9373622823
C00167,Customer 0167,Mid-Market,Central,5595521.348617923,30,65,186517.37828726412
C00168,Customer 0168,Mid-Market,East,1989085.3438551193,19,30,104688.70230816417
C00169,Customer 0169,Mid-Market,South,5244810.199018658,24,47,218533.75829244408
C00170,Customer 0170,SMB,Central,4083345.5118928542,27,50,151235.0189589946
C00171,Customer 0171,Mid-Market,South,5684931.659700342,19,46,299206.92945791275
C00172,Customer 0172,Mid-Market,West,6065119.076781123,24,53,252713.29486588013
C00173,Customer 0173,Mid-Market,South,6849973.213421896,25,48,273998.9285368759
C00174,Customer 0174,Mid-Market,Central,3698594.2884669458,22,37,168117.92220304298
C00175,Customer 0175,Mid-Market,North,2888933.33325395,19,34,152049.12280283947
C00176,Customer 0176,Mid-Market,North,5185710.786996104,34,57,152520.9054998854
C00177,Customer 0177,SMB,South,4992969.9211896965,22,39,226953.1782358953
C00178,Customer 0178,SMB,Central,2223820.5459676986,25,38,88952.82183870794
C00179,Customer 0179,SMB,Central,3700427.2502704426,33,50,112134.15909910432
C00180,Customer 0180,Mid-Market,East,4521325.944505716,21,41,215301.23545265314
C00181,Customer 0181,Mid-Market,Central,4490494.522458529,24,53,187103.93843577206
C00182,Customer 0182,SMB,Central,3285759.407622634,27,38,121694.79287491237
C00183,Customer 0183,SMB,West,2389262.567251948,23,33,103880.98118486731
C00184,Customer 0184,Mid-Market,South,3240168.688389308,20,40,162008.4344194654
C00185,Customer 0185,Mid-Market,East,3577501.0572063266,23,38,155543.52422636203
C00186,Customer 0186,SMB,East,3289039.0095385863,25,36,131561.56038154344
C00187,Customer 0187,Mid-Market,South,7110021.98582941,26,51,273462.3840703619
C00188,Customer 0188,SMB,North,3529924.75105966,31,39,113868.54035676323
C00189,Customer 0189,Enterprise,East,4524092.05924821,18,43,251338.44773601167
C00190,Customer 0190,Mid-Market,South,3567266.507670756,22,44,162148.477621398
C00191,Customer 0191,Mid-Market,Central,1752991.56077226,16,24,109561.97254826625
C00192,Customer 0192,Enterprise,South,9490128.991932048,24,69,395422.04133050196
C00193,Customer 0193,SMB,North,1325921.2115413113,19,22,69785.32692322691
C00194,Customer 0194,Mid-Market,Central,3069498.1858714633,21,39,146166.5802795935
C00195,Customer 0195,Enterprise,North,5718053.990380262,22,57,259911.54501728463
C00196,Customer 0196,SMB,North,2706450.5128449006,18,27,150358.3618247167
C00197,Customer 0197,SMB,West,2643406.6759476764,18,26,146855.92644153757
C00198,Customer 0198,SMB,Central,2738428.7072401927,14,22,195602.05051715663
C00199,Customer 0199,Mid-Market,North,3782634.1393274595,20,38,189131.70696637296
C00200,Customer 0200,SMB,South,3129193.7944212127,17,29,184070.2232012478
C00201,Customer 0201,Mid-Market,East,2764342.6375526753,19,40,145491.71776593028
C00202,Customer 0202,Mid-Market,Central,3410114.4288679413,17,33,200594.96640399654
C00203,Customer 0203,Enterprise,West,4055434.2301561614,22,56,184337.91955255278
C00204,Customer 0204,Mid-Market,North,2392106.183537646,14,26,170864.72739554616
C00205,Customer 0205,SMB,North,2615719.1046778862,24,27,108988.29602824526
C00206,Customer 0206,Mid-Market,South,3989257.442203236,22,39,181329.88373651073
C00207,Customer 0207,Mid-Market,North,5696238.605607056,20,44,284811.9302803528
C00208,Customer 0208,SMB,East,2811683.8320792913,17,23,165393.16659289948
C00209,Customer 0209,Mid-Market,North,5946457.974572971,24,64,247769.08227387382
C00210,Customer 0210,Mid-Market,West,4139215.23899243,19,40,217853.43363118052
C00211,Customer 0211,SMB,East,4410542.13978792,29,38,152087.65999268688
C00212,Customer 0212,SMB,West,1780643.6718034206,21,32,84792.55580016288
C00213,Customer 0213,SMB,North,4281443.698009577,27,43,158571.98881516952
C00214,Customer 0214,SMB,East,3314332.655807815,30,44,110477.75519359384
C00215,Customer 0215,SMB,East,2785233.974887004,21,32,132630.18928033352
C00216,Customer 0216,SMB,East,4147582.0672463654,27,42,153614.15063875428
C00217,Customer 0217,Mid-Market,North,2029364.5615738907,21,36,96636.4076939948
C00218,Customer 0218,Enterprise,North,3532843.2918496435,16,40,220802.70574060272
C00219,Customer 0219,Mid-Market,Central,4289954.904617372,23,44,186519.77846162487
C00220,Customer 0220,SMB,South,3291534.5308882026,21,27,156739.7395661049
C00221,Customer 0221,Mid-Market,South,2093480.632727895,14,23,149534.33090913534
C00222,Customer 0222,SMB,West,2476731.259041444,18,31,137596.181057858
C00223,Customer 0223,Enterprise,East,6688721.288390153,23,61,290813.9690604414
C00224,Customer 0224,Mid-Market,Central,3863658.0795305204,26,49,148602.23382809694
C00225,Customer 0225,Mid-Market,South,5297214.912803221,28,50,189186.2468858293
C00226,Customer 0226,Mid-Market,Central,2432325.2816206207,17,36,143077.95774238947
C00227,Customer 0227,Enterprise,North,5202619.784392286,24,62,216775.8243496786
C00228,Customer 0228,Enterprise,West,6164105.342351234,25,60,246564.21369404934
C00229,Customer 0229,SMB,West,3378103.7351146326,23,37,146874.07543976663
C00230,Customer 0230,Mid-Market,North,3197235.42935327,19,37,168275.54891333
C00231,Customer 0231,Enterprise,North,6580091.379950381,24,61,274170.4741645992
C00232,Customer 0232,Enterprise,South,6954249.959819843,23,60,302358.6939052106
C00233,Customer 0233,Mid-Market,Central,1388736.9304265212,14,28,99195.4950304658
C00234,Customer 0234,Enterprise,West,5510124.5896008,19,55,290006.55734741053
C00235,Customer 0235,SMB,Central,2714073.8318287344,23,28,118003.21007951019
C00236,Customer 0236,SMB,East,3126705.51530209,16,28,195419.09470638062
C00237,Customer 0237,Mid-Market,West,3716803.6141819092,21,31,176990.64829437662
C00238,Customer 0238,Mid-Market,East,1809265.4584224182,14,28,129233.24703017273
C00239,Customer 0239,Enterprise,North,5193749.761973921,19,55,273355.25063020637
C00240,Customer 0240,Mid-Market,North,4521424.170824754,24,48,188392.67378436474
C00241,Customer 0241,SMB,Central,1276386.6015677364,14,21,91170.4715405526
C00242,Customer 0242,Mid-Market,East,3567050.982276137,20,43,178352.54911380686
C00243,Customer 0243,SMB,South,3372278.390687883,18,31,187348.79948266016
C00244,Customer 0244,Mid-Market,West,4878070.512477368,28,59,174216.80401704885
C00245,Customer 0245,Mid-Market,West,4980819.056833651,32,59,155650.5955260516
C00246,Customer 0246,Mid-Market,Central,2441969.102277242,17,31,143645.241310426
C00247,Customer 0247,Mid-Market,West,6240845.1016273005,28,61,222887.3250581179
C00248,Customer 0248,SMB,South,3417712.712568276,22,29,155350.57784401256
C00249,Customer 0249,Enterprise,South,6158678.691564835,25,60,246347.1476625934
C00250,Customer 0250,SMB,South,2511796.992661672,22,28,114172.59057553056
C00251,Customer 0251,SMB,West,2238678.1252135662,23,33,97333.83153102463
C00252,Customer 0252,Mid-Market,Central,5176453.652873029,20,49,258822.68264365144
C00253,Customer 0253,Mid-Market,South,2743194.28235416,16,24,171449.642647135
C00254,Customer 0254,Mid-Market,South,2577494.373082505,19,37,135657.59858328974
C00255,Customer 0255,Mid-Market,South,5474792.287167124,25,44,218991.69148668498
C00256,Customer 0256,SMB,East,1163002.18836068,14,20,83071.5848829057
C00257,Customer 0257,Mid-Market,East,2879121.80891716,25,37,115164.8723566864
C00258,Customer 0258,SMB,North,2301101.107677953,17,28,135358.88868693842
C00259,Customer 0259,Mid-Market,North,3153811.5117933657,15,25,210254.1007862244
C00260,Customer 0260,Mid-Market,West,3813760.463893815,23,44,165815.67234320936
C00261,Customer 0261,SMB,North,4795323.97097001,29,42,165355.99899896586
C00262,Customer 0262,Mid-Market,Central,3137274.62727469,17,34,184545.5663102759
C00263,Customer 0263,SMB,South,3895104.978104455,25,36,155804.1991241782
C00264,Customer 0264,Enterprise,North,5662844.835200483,24,54,235951.86813335345
C00265,Customer 0265,SMB,Central,1662259.502546428,18,27,92347.75014146822
C00266,Customer 0266,SMB,North,2233299.395510894,23,33,97099.97371786495
C00267,Customer 0267,SMB,South,2258480.227950582,11,19,205316.3843591438
C00268,Customer 0268,Mid-Market,North,4003825.7672665864,20,36,200191.2883633293
C00269,Customer 0269,SMB,North,4032199.5908061117,23,34,175313.02568722225
C00270,Customer 0270,Mid-Market,North,3876290.7668234105,17,34,228017.10393078884
C00271,Customer 0271,SMB,North,3145021.0922310697,23,42,136740.04748830738
C00272,Customer 0272,Enterprise,North,5766437.41155955,23,75,250714.67006780652
C00273,Customer 0273,Mid-Market,North,2815986.7271608356,19,31,148209.82774530715
C00274,Customer 0274,Mid-Market,West,2863624.8393160077,19,32,150717.09680610566
C00275,Customer 0275,Mid-Market,East,3089332.449850593,21,42,147111.06904050443
C00276,Customer 0276,Mid-Market,South,4120689.7302529844,23,43,179160.42305447758
C00277,Customer 0277,SMB,South,3403455.8661396136,21,27,162069.32695902922
C00278,Customer 0278,Mid-Market,West,6260984.980079986,33,58,189726.8175781814
C00279,Customer 0279,SMB,Central,1760964.4272522759,28,32,62891.58668758128
C00280,Customer 0280,Enterprise,Central,4479868.909167623,27,62,165921.07070991196
C00281,Customer 0281,SMB,North,3374267.9110853546,24,36,140594.4962952231
C00282,Customer 0282,SMB,North,3697997.7900600187,26,40,142230.68423307763
C00283,Customer 0283,Mid-Market,South,5602183.98810706,26,49,215468.6149271946
C00284,Customer 0284,SMB,South,4109587.1833423357,27,42,152206.9327163828
C00285,Customer 0285,SMB,West,2165981.3539007735,16,25,135373.83461879834
C00286,Customer 0286,SMB,South,2732795.2367453286,18,29,151821.9575969627
C00287,Customer 0287,Mid-Market,North,4898882.864445304,21,44,233280.1364021573
C00288,Customer 0288,Mid-Market,South,3696593.0004196595,22,42,168026.95456452997
C00289,Customer 0289,SMB,West,2025692.5261977925,20,28,101284.62630988963
C00290,Customer 0290,Mid-Market,North,2672934.431196044,15,39,178195.62874640294
C00291,Customer 0291,SMB,Central,3968373.0817709393,30,43,132279.10272569797
C00292,Customer 0292,Mid-Market,North,1864019.66610079,14,27,133144.26186434214
C00293,Customer 0293,SMB,Central,2881784.0383139267,26,35,110837.84762745872
C00294,Customer 0294,Enterprise,North,5947074.653733364,28,70,212395.52334762015
C00295,Customer 0295,Enterprise,Central,3869165.009934341,18,47,214953.61166301894
C00296,Customer 0296,SMB,Central,1585354.2346719573,12,17,132112.85288932978
C00297,Customer 0297,SMB,Central,3029588.8434851044,27,37,112206.99420315202
C00298,Customer 0298,SMB,East,1408449.1803441462,16,21,88028.07377150914
C00299,Customer 0299,SMB,East,2538235.3705896125,24,35,105759.80710790052
C00300,Customer 0300,Mid-Market,West,4687929.143225286,21,40,223234.72110596602
C00301,Customer 0301,Mid-Market,East,4984207.742167445,26,57,191700.29777567094
C00302,Customer 0302,Enterprise,North,8028396.925320126,27,78,297348.0342711158
C00303,Customer 0303,Mid-Market,West,4414906.130407869,28,59,157675.21894313817
C00304,Customer 0304,Mid-Market,West,4373086.211888019,21,39,208242.20056609614
C00305,Customer 0305,SMB,Central,3228852.768300457,26,33,124186.64493463296
C00306,Customer 0306,Enterprise,West,5012711.872939155,25,67,200508.47491756623
C00307,Customer 0307,Enterprise,South,5212652.145533117,19,60,274350.1129227956
C00308,Customer 0308,Mid-Market,West,2489779.000331642,21,43,118560.90477769724
C00309,Customer 0309,Enterprise,South,4955390.540555984,22,54,225245.02457072653
C00310,Customer 0310,Mid-Market,North,2422882.4040978546,19,31,127520.12653146603
C00311,Customer 0311,Mid-Market,West,4666379.307575923,24,52,194432.47114899682
C00312,Customer 0312,Mid-Market,South,4773916.628914692,22,48,216996.2104052133
C00313,Customer 0313,Mid-Market,South,2694939.0253626998,14,28,192495.64466876426
C00314,Customer 0314,SMB,South,3007749.788533611,27,34,111398.14031605968
C00315,Customer 0315,Mid-Market,South,1326558.1407039831,8,20,165819.7675879979
C00316,Customer 0316,Mid-Market,South,3993294.1216088,21,34,190156.86293375236
C00317,Customer 0317,Mid-Market,South,3146878.43765366,21,38,149851.3541739838
C00318,Customer 0318,Enterprise,East,1843673.938585285,11,24,167606.72168957136
C00319,Customer 0319,Mid-Market,South,1709921.8516618006,13,26,131532.45012783082
C00320,Customer 0320,SMB,Central,3563834.5860716477,24,38,148493.10775298532
C00321,Customer 0321,Mid-Market,Central,3385738.3874243903,23,43,147206.0168445387
C00322,Customer 0322,Mid-Market,West,3271138.22914747,18,29,181729.90161930388
C00323,Customer 0323,Mid-Market,South,3767781.909382257,21,49,179418.18616105986
C00324,Customer 0324,SMB,West,2928647.3671003766,22,32,133120.33486819893
C00325,Customer 0325,Mid-Market,Central,2498065.2247988493,20,34,124903.26123994247
C00326,Customer 0326,Mid-Market,West,4420202.30670081,27,47,163711.19654447443
C00327,Customer 0327,SMB,East,3205156.5547756488,27,38,118709.50202872773
C00328,Customer 0328,Mid-Market,West,3723345.9785343623,22,43,169242.9990242892
C00329,Customer 0329,Mid-Market,West,3861703.4416986434,20,45,193085.17208493216
C00330,Customer 0330,Enterprise,South,6727893.301281802,19,61,354099.64743588434
C00331,Customer 0331,Enterprise,East,3617244.5522986036,20,51,180862.2276149302
C00332,Customer 0332,SMB,North,3618881.9310348397,20,31,180944.096551742
C00333,Customer 0333,Mid-Market,East,1668959.5654280055,12,26,139079.96378566712
C00334,Customer 0334,Mid-Market,Central,4453810.075123245,21,46,212086.19405348785
C00335,Customer 0335,Mid-Market,North,2003337.0413740429,16,29,125208.56508587768
C00336,Customer 0336,Enterprise,West,4333910.2479832955,15,41,288927.349865553
C00337,Customer 0337,SMB,North,4809741.159975386,20,32,240487.0579987693
C00338,Customer 0338,Enterprise,East,4328417.107240223,21,63,206115.10034477254
C00339,Customer 0339,SMB,North,3968231.6172666275,27,36,146971.54138024547
C00340,Customer 0340,Mid-Market,Central,3834799.1248999108,21,42,182609.482138091
C00341,Customer 0341,Mid-Market,North,4965432.754103658,26,58,190978.18285014067
C00342,Customer 0342,Enterprise,Central,4995323.027652001,19,46,262911.73829747376
C00343,Customer 0343,SMB,East,3201492.85101029,24,38,133395.53545876208
C00344,Customer 0344,Enterprise,West,4173196.8344662483,19,49,219641.93865611832
C00345,Customer 0345,Enterprise,East,5765743.143334737,28,67,205919.3979762406
C00346,Customer 0346,SMB,East,2734648.0634876536,21,30,130221.33635655494
C00347,Customer 0347,Mid-Market,Central,2811658.2945198338,19,33,147982.01550104388
C00348,Customer 0348,Mid-Market,South,7306101.514226311,26,58,281003.9043933196
C00349,Customer 0349,Mid-Market,West,2055839.23799329,18,22,114213.29099962722
C00350,Customer 0350,SMB,North,1902503.8919520963,13,18,146346.45322708433
C00351,Customer 0351,Mid-Market,West,2685164.5338550275,20,31,134258.22669275137
C00352,Customer 0352,Enterprise,North,7713286.088322694,20,63,385664.3044161347
C00353,Customer 0353,Mid-Market,West,2642413.384869652,22,48,120109.6993122569
C00354,Customer 0354,Enterprise,West,2475019.8875425686,21,49,117858.08988297946
C00355,Customer 0355,Mid-Market,West,4479699.411702845,20,37,223984.97058514226
C00356,Customer 0356,Enterprise,West,4691725.004870606,19,49,246932.89499318978
C00357,Customer 0357,Enterprise,East,4763685.693119436,28,66,170131.6318971227
C00358,Customer 0358,Mid-Market,East,3702650.9197247084,17,37,217802.99527792403
C00359,Customer 0359,SMB,West,3330730.5139685124,24,37,138780.43808202134
C00360,Customer 0360,Enterprise,West,3964363.456245275,23,64,172363.62853240327
C00361,Customer 0361,Enterprise,Central,5314410.37851395,20,56,265720.5189256975
C00362,Customer 0362,SMB,North,1859525.8140822533,15,20,123968.38760548356
C00363,Customer 0363,SMB,North,1169182.1974689518,17,26,68775.42338052658
C00364,Customer 0364,Mid-Market,North,2689003.636579132,14,26,192071.68832708086
C00365,Customer 0365,Mid-Market,West,6414545.377160885,27,56,237575.75470966243
C00366,Customer 0366,Mid-Market,South,4843299.95688793,26,44,186280.76757261268
C00367,Customer 0367,Enterprise,East,6740553.051570688,28,78,240734.037556096
C00368,Customer 0368,Enterprise,East,7700761.189751159,31,85,248411.65128229547
C00369,Customer 0369,Mid-Market,South,5068769.322854637,28,50,181027.47581623704
C00370,Customer 0370,Mid-Market,Central,3338350.866867139,20,37,166917.54334335696
C00371,Customer 0371,Mid-Market,East,3769768.5489103594,21,45,179512.78804335045
C00372,Customer 0372,Mid-Market,South,2500015.5981023796,20,33,125000.77990511898
C00373,Customer 0373,Mid-Market,South,5170706.030173453,18,36,287261.44612074737
C00374,Customer 0374,Mid-Market,South,3565666.951773499,19,31,187666.68167228941
C00375,Customer 0375,SMB,North,2165706.444647205,19,29,113984.54971827395
C00376,Customer 0376,SMB,North,2075712.6176164858,24,33,86488.02573402024
C00377,Customer 0377,Mid-Market,Central,5275722.410517793,32,66,164866.32532868104
C00378,Customer 0378,Mid-Market,South,3530706.3066394124,18,28,196150.35036885625
C00379,Customer 0379,Mid-Market,South,7449928.65797578,29,51,256894.09165433724
C00380,Customer 0380,Enterprise,East,5483280.948142108,20,60,274164.0474071054
C00381,Customer 0381,SMB,West,2397187.7910821615,20,24,119859.38955410807
C00382,Customer 0382,Enterprise,Central,7997592.304270069,32,92,249924.75950843966
C00383,Customer 0383,Mid-Market,East,3710591.9637907883,23,40,161330.0853822082
C00384,Customer 0384,Mid-Market,West,2384518.13600604,12,26,198709.84466717
C00385,Customer 0385,Enterprise,South,7585385.734493694,22,59,344790.26065880427
C00386,Customer 0386,Enterprise,Central,3104815.6401444757,12,27,258734.6366787063
C00387,Customer 0387,Mid-Market,East,4234227.974927941,24,55,176426.16562199756
C00388,Customer 0388,SMB,Central,1719708.0265981385,15,18,114647.20177320924
C00389,Customer 0389,Mid-Market,North,1189258.2256525746,11,23,108114.38415023405
C00390,Customer 0390,Mid-Market,Central,2248366.0988733885,16,32,140522.88117958678
C00391,Customer 0391,Enterprise,West,3736319.1264822045,20,58,186815.95632411022
C00392,Customer 0392,Mid-Market,North,6747584.194658131,27,60,249910.52572807894
C00393,Customer 0393,Enterprise,West,3329643.4413312697,20,53,166482.17206656348
C00394,Customer 0394,Mid-Market,East,3535455.578709856,19,35,186076.6094057819
C00395,Customer 0395,SMB,North,2896530.323322054,19,25,152448.96438537128
C00396,Customer 0396,Mid-Market,South,4723160.112610357,22,43,214689.0960277435
C00397,Customer 0397,Mid-Market,Central,5269646.638684791,26,52,202678.71687249193
C00398,Customer 0398,Enterprise,South,7071486.643464833,26,70,271980.25551787816
C00399,Customer 0399,Enterprise,South,5813197.9331891555,21,55,276818.9491994836
C00400,Customer 0400,Mid-Market,South,7207047.816762173,29,69,248518.89023317836
C00401,Customer 0401,SMB,South,4468070.765985061,18,29,248226.15366583675
C00402,Customer 0402,Mid-Market,Central,4103552.147634504,20,41,205177.6073817252
C00403,Customer 0403,Mid-Market,East,5586007.296221788,29,65,192620.94124902718
C00404,Customer 0404,Mid-Market,North,5307173.910451817,35,87,151633.54029862335
C00405,Customer 0405,Enterprise,Central,7805512.635339828,33,90,236530.68591938872
C00406,Customer 0406,Enterprise,Central,5101854.216932732,22,62,231902.46440603325
C00407,Customer 0407,Mid-Market,South,6197928.088655577,25,45,247917.12354622307
C00408,Customer 0408,Mid-Market,Central,3224848.307700042,21,45,153564.20512857343
C00409,Customer 0409,Mid-Market,North,2514273.6816198514,17,27,147898.45185999127
C00410,Customer 0410,SMB,Central,3428111.017757965,18,29,190450.6120976647
C00411,Customer 0411,SMB,East,1751025.7218240083,15,17,116735.04812160056
C00412,Customer 0412,SMB,West,4884563.143592196,31,50,157566.55301910307
C00413,Customer 0413,SMB,North,1812553.5343233952,22,32,82388.79701469978
C00414,Customer 0414,SMB,Central,2203408.920403155,21,31,104924.23430491214
C00415,Customer 0415,SMB,North,5312941.665934618,28,47,189747.91664052205
C00416,Customer 0416,SMB,South,4252436.530877363,21,32,202496.97766082681
C00417,Customer 0417,SMB,North,3308060.0583565324,22,27,150366.3662889333
C00418,Customer 0418,SMB,East,2164134.4852322675,21,26,103054.02310629845
C00419,Customer 0419,SMB,North,3152692.5845759427,22,31,143304.20838981558
C00420,Customer 0420,Mid-Market,Central,1093882.2789041195,10,19,109388.22789041194
C00421,Customer 0421,Mid-Market,West,5160381.146739517,25,49,206415.24586958069
C00422,Customer 0422,Mid-Market,North,4399128.794142009,25,49,175965.15176568035
C00423,Customer 0423,SMB,North,2329815.1307803183,21,29,110943.57765620563
C00424,Customer 0424,Mid-Market,North,4707074.3288524,26,51,181041.32034047693
C00425,Customer 0425,SMB,West,1792309.0840700762,18,24,99572.72689278201
C00426,Customer 0426,SMB,East,2746576.222450034,21,27,130789.3439261921
C00427,Customer 0427,SMB,South,1936742.9901339088,16,21,121046.4368833693
C00428,Customer 0428,Mid-Market,Central,4326888.514623759,26,46,166418.78902399074
C00429,Customer 0429,SMB,North,2024587.077463579,15,21,134972.47183090527
C00430,Customer 0430,SMB,East,2561675.929094617,22,30,116439.81495884621
C00431,Customer 0431,SMB,Central,1644908.488623142,17,24,96759.32286018482
C00432,Customer 0432,SMB,East,3159090.659181708,27,39,117003.35774747067
C00433,Customer 0433,Mid-Market,East,4295165.098684206,15,34,286344.3399122804
C00434,Customer 0434,Mid-Market,Central,4583435.893624611,31,53,147852.77076208423
C00435,Customer 0435,Enterprise,North,4386798.607276259,16,44,274174.9129547662
C00436,Customer 0436,SMB,North,1973034.7179409096,13,18,151771.90138006996
C00437,Customer 0437,Mid-Market,North,4482934.080043684,22,53,203769.73091107653
C00438,Customer 0438,SMB,West,3486578.3105446454,23,32,151590.36132802806
C00439,Customer 0439,SMB,East,1492095.0279845805,16,27,93255.93924903628
C00440,Customer 0440,Mid-Market,West,2564265.347030644,20,37,128213.2673515322
C00441,Customer 0441,Enterprise,Central,3016050.711302156,18,48,167558.37285011978
C00442,Customer 0442,Enterprise,North,9974586.971289793,36,114,277071.86031360534
C00443,Customer 0443,SMB,East,2366566.0098801916,23,34,102894.17434261703
C00444,Customer 0444,Mid-Market,North,3716310.083093512,26,53,142935.0031959043
C00445,Customer 0445,Enterprise,South,3928806.933863853,17,44,231106.29022728547
C00446,Customer 0446,SMB,East,2173317.8309398997,20,30,108665.89154699499
C00447,Customer 0447,Mid-Market,Central,1280332.5190839395,10,15,128033.25190839396
C00448,Customer 0448,SMB,West,2124428.6533657266,15,24,141628.57689104843
C00449,Customer 0449,Mid-Market,North,3895998.013957333,25,48,155839.92055829332
C00450,Customer 0450,Enterprise,West,5199193.299262012,20,61,259959.66496310063
C00451,Customer 0451,Enterprise,North,2208341.63618516,16,31,138021.3522615725
C00452,Customer 0452,Mid-Market,Central,2943164.3349997816,16,25,183947.77093748635
C00453,Customer 0453,Mid-Market,East,4201944.77295347,22,59,190997.4896797032
C00454,Customer 0454,SMB,North,2951135.1423893594,19,29,155322.9022310189
C00455,Customer 0455,Mid-Market,North,4534771.720536797,19,44,238672.19581772617
C00456,Customer 0456,Mid-Market,North,6977367.646229596,28,64,249191.701651057
C00457,Customer 0457,Mid-Market,Central,3263837.5629355037,25,46,130553.50251742014
C00458,Customer 0458,Mid-Market,South,4511058.5719859535,14,36,322218.4694275681
C00459,Customer 0459,SMB,East,3955346.357941909,26,39,152128.70607468882
C00460,Customer 0460,Enterprise,West,7809204.631543878,23,66,339530.6361540816
C00461,Customer 0461,SMB,West,3120830.393137227,23,29,135688.27796248812
C00462,Customer 0462,Mid-Market,North,2756745.6322043315,11,23,250613.23929130286
C00463,Customer 0463,Enterprise,Central,6405941.3141802335,25,69,256237.65256720933
C00464,Customer 0464,Mid-Market,South,2724712.4104983006,14,21,194622.3150355929
C00465,Customer 0465,Enterprise,West,4991346.260885855,18,43,277297.0144936586
C00466,Customer 0466,SMB,East,1799465.8992161674,22,30,81793.90450982579
C00467,Customer 0467,Mid-Market,West,3907649.6358643146,25,49,156305.9854345726
C00468,Customer 0468,Mid-Market,Central,2321045.148898657,19,29,122160.27099466615
C00469,Customer 0469,Mid-Market,North,856244.7081186661,7,13,122320.67258838087
C00470,Customer 0470,Mid-Market,West,4257620.618819636,18,40,236534.47882331314
C00471,Customer 0471,SMB,South,4204217.4214873575,24,39,175175.72589530656
C00472,Customer 0472,SMB,West,1858760.3490208748,17,24,109338.84406005146
C00473,Customer 0473,Mid-Market,North,4481111.710151043,25,47,179244.4684060417
C00474,Customer 0474,SMB,North,3300246.191951001,21,33,157154.5805690953
C00475,Customer 0475,SMB,South,1791027.9317824827,17,22,105354.58422249898
C00476,Customer 0476,Mid-Market,South,3751549.43833695,23,47,163110.84514508478
C00477,Customer 0477,SMB,South,2176430.156863099,18,28,120912.78649239439
C00478,Customer 0478,Enterprise,West,4525786.491210694,17,49,266222.7347770997
C00479,Customer 0479,SMB,West,3391973.98742509,30,47,113065.79958083633
C00480,Customer 0480,SMB,South,4517185.64710268,20,34,225859.282355134
C00481,Customer 0481,Enterprise,South,4024826.4416414695,22,48,182946.6564382486
C00482,Customer 0482,SMB,North,1770256.5289627616,25,34,70810.26115851046
C00483,Customer 0483,SMB,West,4227092.749273818,25,40,169083.7099709527
C00484,Customer 0484,Mid-Market,South,6122677.306073246,23,41,266203.3611336194
C00485,Customer 0485,Mid-Market,North,3728644.3990923073,22,39,169483.8363223776
C00486,Customer 0486,SMB,South,3639048.929106966,25,35,145561.95716427863
C00487,Customer 0487,SMB,West,4402805.286112608,26,37,169338.66485048493
C00488,Customer 0488,Enterprise,South,5901835.216505615,29,73,203511.5591898488
C00489,Customer 0489,Mid-Market,West,2730801.65952533,18,34,151711.2033069628
C00490,Customer 0490,Mid-Market,West,6431208.575663946,20,52,321560.4287831973
C00491,Customer 0491,Mid-Market,East,3516466.669233054,21,37,167450.79377300257
C00492,Customer 0492,Mid-Market,West,3113298.831181158,17,39,183135.2253635975
C00493,Customer 0493,Enterprise,West,6560644.635788571,22,62,298211.1198085714
C00494,Customer 0494,Enterprise,South,7875460.438919207,28,88,281266.44424711453
C00495,Customer 0495,Mid-Market,East,2181527.5254356056,18,35,121195.97363531141
C00496,Customer 0496,Mid-Market,West,4174784.9834610284,20,38,208739.24917305142
C00497,Customer 0497,Mid-Market,South,3450862.2143732044,18,33,191714.56746517803
C00498,Customer 0498,SMB,West,3527285.3718433795,21,33,167965.97008777998
C00499,Customer 0499,Mid-Market,South,4223144.054983946,27,44,156412.74277718316
C00500,Customer 0500,Mid-Market,West,4650305.187715215,22,51,211377.50853250976
C00501,Customer 0501,Enterprise,East,4226157.00823128,17,54,248597.47107242825
C00502,Customer 0502,Enterprise,Central,5231708.134406198,22,60,237804.9152002817
C00503,Customer 0503,Mid-Market,Central,1722981.6765328702,15,30,114865.44510219134
C00504,Customer 0504,Enterprise,West,4207996.873232234,13,36,323692.0671717103
C00505,Customer 0505,Enterprise,West,4955738.414142416,21,68,235987.54353059124
C00506,Customer 0506,Enterprise,East,6552017.680201082,17,56,385412.8047177107
C00507,Customer 0507,Mid-Market,South,3538606.664223345,21,36,168505.0792487307
C00508,Customer 0508,Mid-Market,Central,4146827.6130073206,20,41,207341.38065036602
C00509,Customer 0509,SMB,West,2861630.907153474,21,36,136268.13843587972
C00510,Customer 0510,SMB,North,3405293.835709696,20,36,170264.6917854848
C00511,Customer 0511,Mid-Market,North,2894817.3519188277,17,33,170283.373642284
C00512,Customer 0512,Enterprise,Central,2082653.9943616495,21,39,99173.99973150712
C00513,Customer 0513,Mid-Market,North,3470905.270662112,21,40,165281.20336486248
C00514,Customer 0514,Enterprise,South,5890886.662216422,20,51,294544.3331108211
C00515,Customer 0515,Mid-Market,South,5147564.672679281,19,40,270924.45645680424
C00516,Customer 0516,Mid-Market,North,3613977.85561363,29,59,124619.92605564241
C00517,Customer 0517,Mid-Market,South,5749419.43989114,20,44,287470.971994557
C00518,Customer 0518,Mid-Market,East,6224472.154402668,25,58,248978.8861761067
C00519,Customer 0519,Mid-Market,North,6671851.642429307,26,56,256609.67855497336
C00520,Customer 0520,SMB,Central,2077737.2962003397,17,28,122219.84095296115
C00521,Customer 0521,SMB,Central,1651306.2900336087,12,20,137608.85750280073
C00522,Customer 0522,Mid-Market,South,3746859.072009826,22,34,170311.77600044664
C00523,Customer 0523,Mid-Market,North,4078138.2873911927,21,41,194197.06130434253
C00524,Customer 0524,Enterprise,West,7607096.034563868,24,69,316962.3347734945
C00525,Customer 0525,SMB,North,4142489.981010176,28,40,147946.07075036343
C00526,Customer 0526,Mid-Market,South,3060824.323530302,18,31,170045.79575168344
C00527,Customer 0527,Mid-Market,Central,4275427.072620893,32,57,133607.0960194029
C00528,Customer 0528,Mid-Market,Central,3215402.5794649227,20,39,160770.12897324614
C00529,Customer 0529,SMB,East,2989518.948844116,22,35,135887.22494745982
C00530,Customer 0530,Mid-Market,South,3122574.8127355883,21,34,148694.0387016947
C00531,Customer 0531,Mid-Market,East,1206821.1589851633,12,21,100568.42991543027
C00532,Customer 0532,Mid-Market,East,2652643.7868680274,19,33,139612.83088779091
C00533,Customer 0533,Mid-Market,South,2976785.305203746,19,38,156672.91080019716
C00534,Customer 0534,Mid-Market,West,2832758.666554977,21,32,134893.2698359513
C00535,Customer 0535,Mid-Market,North,6526053.819100131,27,61,241705.69700370857
C00536,Customer 0536,Mid-Market,North,3838715.1580508063,16,30,239919.6973781754
C00537,Customer 0537,Mid-Market,West,4534546.745321036,21,43,215930.79739623982
C00538,Customer 0538,Enterprise,North,5613123.861254402,22,62,255141.99369338193
C00539,Customer 0539,SMB,North,1611448.4188780733,16,24,100715.52617987958
C00540,Customer 0540,Mid-Market,Central,3753638.965730178,25,38,150145.55862920714
C00541,Customer 0541,Mid-Market,Central,2188648.3352692914,15,27,145909.88901795275
C00542,Customer 0542,Mid-Market,West,5674984.10607369,20,46,283749.20530368446
C00543,Customer 0543,Mid-Market,Central,4074229.8023901926,28,56,145508.20722822117
C00544,Customer 0544,Mid-Market,Central,3463481.167695994,22,39,157430.96216799974
C00545,Customer 0545,SMB,North,4247973.132605841,31,41,137031.391374382
C00546,Customer 0546,Mid-Market,South,5537168.794754292,25,49,221486.75179017166
C00547,Customer 0547,SMB,South,1649858.0818698897,16,20,103116.13011686811
C00548,Customer 0548,SMB,North,2868786.859456266,21,28,136608.898069346
C00549,Customer 0549,Mid-Market,East,3565400.662432741,17,33,209729.4507313377
C00550,Customer 0550,Mid-Market,South,4298139.758417365,28,47,153504.99137204877
C00551,Customer 0551,Mid-Market,West,5574565.183113523,23,48,242372.39926580535
C00552,Customer 0552,Mid-Market,North,2505453.030095775,15,20,167030.20200638502
C00553,Customer 0553,Mid-Market,North,3701014.3392175613,22,39,168227.92450988916
C00554,Customer 0554,Mid-Market,Central,2057799.6739029665,14,23,146985.69099306903
C00555,Customer 0555,Mid-Market,North,6486056.692354807,33,67,196547.1724956002
C00556,Customer 0556,Enterprise,South,11385791.229187047,32,88,355805.9759120952
C00557,Customer 0557,SMB,South,2982479.581855013,19,28,156972.60957131648
C00558,Customer 0558,Mid-Market,West,4957111.601724384,26,49,190658.13852786092
C00559,Customer 0559,SMB,West,3321329.2495550932,29,47,114528.5948122446
C00560,Customer 0560,Enterprise,West,2372655.087633836,16,42,148290.94297711476
C00561,Customer 0561,Mid-Market,North,2721819.6336795785,20,37,136090.98168397893
C00562,Customer 0562,Enterprise,South,4839707.421029427,16,35,302481.7138143392
C00563,Customer 0563,Mid-Market,Central,4158075.6535145007,24,46,173253.15222977087
C00564,Customer 0564,Mid-Market,West,5925872.250821228,25,49,237034.89003284913
C00565,Customer 0565,SMB,West,3090483.182738703,24,35,128770.13261411263
C00566,Customer 0566,Mid-Market,East,3113160.1925305994,25,47,124526.40770122397
C00567,Customer 0567,Mid-Market,East,5642725.483004727,21,51,268701.2134764156
C00568,Customer 0568,Mid-Market,North,3280492.4900473845,20,37,164024.62450236923
C00569,Customer 0569,Mid-Market,South,4463924.001227,17,41,262583.7647780588
C00570,Customer 0570,Mid-Market,West,3665474.6035861215,25,45,146618.98414344486
C00571,Customer 0571,Mid-Market,South,4337395.609028892,22,43,197154.34586494963
C00572,Customer 0572,Enterprise,Central,4769586.373381209,22,58,216799.38060823677
C00573,Customer 0573,Enterprise,West,4512122.624724767,26,68,173543.1778740295
C00574,Customer 0574,Enterprise,East,5827929.657750685,30,73,194264.3219250228
C00575,Customer 0575,SMB,Central,1534435.6426039007,19,26,80759.7706633632
C00576,Customer 0576,Mid-Market,West,3417299.027723253,23,45,148578.21859666315
C00577,Customer 0577,Enterprise,Central,1896673.450607848,13,30,145897.95773906523
C00578,Customer 0578,SMB,West,3013198.7125200834,24,30,125549.94635500347
C00579,Customer 0579,Enterprise,Central,3505837.718671923,18,48,194768.76214844018
C00580,Customer 0580,Mid-Market,South,2790028.8283229847,19,34,146843.622543315
C00581,Customer 0581,SMB,West,2749957.315997949,23,34,119563.36156512822
C00582,Customer 0582,SMB,West,2234954.418571527,17,23,131467.9069747957
C00583,Customer 0583,SMB,North,3570510.951292231,32,43,111578.46722788223
C00584,Customer 0584,Mid-Market,South,3710002.300840446,22,41,168636.46822002027
C00585,Customer 0585,SMB,Central,4796042.973804853,30,51,159868.09912682843
C00586,Customer 0586,Enterprise,West,5718101.815279919,22,70,259913.71887635996
C00587,Customer 0587,SMB,North,3043317.5444262736,23,36,132318.15410549016
C00588,Customer 0588,SMB,South,2661898.323361101,22,35,120995.3783345955
C00589,Customer 0589,SMB,North,4110438.7020450905,29,38,141739.26558776174
C00590,Customer 0590,Mid-Market,North,4740777.980909397,23,43,206120.78177866942
C00591,Customer 0591,Enterprise,Central,7054471.426266481,25,67,282178.85705065925
C00592,Customer 0592,Mid-Market,South,3083093.936985218,22,38,140140.63349932808
C00593,Customer 0593,Mid-Market,South,5125938.157615922,23,51,222866.8764180836
C00594,Customer 0594,Mid-Market,West,3266955.711481472,14,28,233353.9793915337
C00595,Customer 0595,SMB,North,3543512.4324396164,25,39,141740.49729758466
C00596,Customer 0596,Mid-Market,South,5545128.208981925,21,46,264053.7242372345
C00597,Customer 0597,Mid-Market,East,3341345.3681597942,24,42,139222.72367332477
C00598,Customer 0598,Mid-Market,West,3360465.0506308125,23,38,146107.17611438315
C00599,Customer 0599,Enterprise,Central,3005751.0211534323,18,45,166986.16784185736
C00600,Customer 0600,Enterprise,West,6022803.749799203,28,66,215100.13392140012
C00601,Customer 0601,Enterprise,West,4657380.64508827,18,57,258743.36917157058
C00602,Customer 0602,SMB,East,1903314.6136720332,14,22,135951.04383371666
C00603,Customer 0603,SMB,Central,2854203.274866413,23,34,124095.79455940926
C00604,Customer 0604,Mid-Market,East,4145071.733400087,29,61,142933.50804827886
C00605,Customer 0605,Mid-Market,Central,4761121.019723532,24,48,198380.04248848048
C00606,Customer 0606,Mid-Market,East,2392827.2813818883,17,33,140754.5459636405
C00607,Customer 0607,SMB,Central,2502831.332654519,20,31,125141.56663272595
C00608,Customer 0608,SMB,North,2209994.913513499,19,29,116315.52176386835
C00609,Customer 0609,Mid-Market,East,3247974.395058404,24,45,135332.26646076684
C00610,Customer 0610,SMB,South,3359841.729251718,21,30,159992.46329770086
C00611,Customer 0611,Mid-Market,West,4915568.373887612,25,57,196622.73495550445
C00612,Customer 0612,Mid-Market,West,4367149.718513833,18,41,242619.42880632408
C00613,Customer 0613,SMB,Central,2379621.539324687,16,29,148726.34620779293
C00614,Customer 0614,Mid-Market,Central,4135698.199837939,20,40,206784.90999189694
C00615,Customer 0615,Mid-Market,South,2691994.4631185923,14,29,192285.31879418515
C00616,Customer 0616,Mid-Market,East,1868815.4788652433,26,43,71877.51841789397
C00617,Customer 0617,Mid-Market,East,3586678.7106793663,19,39,188772.56371996665
C00618,Customer 0618,Mid-Market,South,1287899.4071172217,10,20,128789.94071172217
C00619,Customer 0619,Mid-Market,North,5604039.396336954,24,50,233501.64151403974
C00620,Customer 0620,Mid-Market,North,2770965.0712537635,19,37,145840.2669080928
C00621,Customer 0621,Enterprise,East,3787474.913484553,18,54,210415.27297136406
C00622,Customer 0622,SMB,West,1704598.913979844,13,15,131122.99338306492
C00623,Customer 0623,Mid-Market,Central,3575279.7464595926,23,42,155446.94549824315
C00624,Customer 0624,SMB,West,1746752.9695594562,21,29,83178.71283616459
C00625,Customer 0625,Enterprise,Central,7122778.177102467,20,68,356138.9088551233
C00626,Customer 0626,Mid-Market,South,3776788.037819232,24,32,157366.168242468
C00627,Customer 0627,Mid-Market,East,3974445.3075360297,20,39,198722.2653768015
C00628,Customer 0628,SMB,North,3353154.9209026955,17,28,197244.40711192327
C00629,Customer 0629,Enterprise,West,4333066.720699919,17,55,254886.27768823056
C00630,Customer 0630,SMB,East,3437514.4240516783,22,32,156250.65563871266
C00631,Customer 0631,Mid-Market,Central,2970604.59485706,25,41,118824.18379428239
C00632,Customer 0632,Mid-Market,Central,4435235.35509995,28,48,158401.26268214107
C00633,Customer 0633,Mid-Market,North,5533646.124333672,30,62,184454.8708111224
C00634,Customer 0634,Enterprise,South,2993521.6105196383,23,49,130153.11350085384
C00635,Customer 0635,Mid-Market,North,3807846.6984782624,17,32,223990.9822634272
C00636,Customer 0636,Mid-Market,North,3985845.976703616,17,35,234461.52804138916
C00637,Customer 0637,Mid-Market,East,4691524.760213597,19,36,246922.35580071562
C00638,Customer 0638,Mid-Market,East,3705029.925755336,21,37,176429.9964645398
C00639,Customer 0639,Mid-Market,East,2355135.289555763,14,24,168223.94925398307
C00640,Customer 0640,Enterprise,Central,5651989.201821141,28,70,201856.7572078979
C00641,Customer 0641,Enterprise,East,3487500.1596964654,19,49,183552.63998402448
C00642,Customer 0642,Enterprise,East,6725645.082422099,28,63,240201.61008650353
C00643,Customer 0643,Enterprise,North,5260384.142405134,21,54,250494.48297167305
C00644,Customer 0644,Mid-Market,South,4871038.9317173455,28,56,173965.67613276234
C00645,Customer 0645,Enterprise,West,4723879.433967099,22,58,214721.79245304994
C00646,Customer 0646,SMB,Central,2431013.5840567662,20,22,121550.6792028383
C00647,Customer 0647,Enterprise,North,6826302.3681141855,23,69,296795.75513539935
C00648,Customer 0648,Enterprise,West,9658004.746777553,32,90,301812.64833679853
C00649,Customer 0649,SMB,East,2223171.745764143,22,31,101053.2611710974
C00650,Customer 0650,Mid-Market,North,2950753.0772788576,14,25,210768.07694848982
C00651,Customer 0651,Mid-Market,South,5222329.69469386,24,49,217597.07061224416
C00652,Customer 0652,SMB,Central,1780171.1191810751,18,26,98898.39551005972
C00653,Customer 0653,SMB,East,2774043.2725227517,18,28,154113.5151401529
C00654,Customer 0654,SMB,South,3580864.9502770402,21,30,170517.37858462095
C00655,Customer 0655,Enterprise,Central,5565666.673648087,24,57,231902.7780686703
C00656,Customer 0656,Mid-Market,South,2727710.845114024,18,30,151539.49139522354
C00657,Customer 0657,SMB,Central,2024092.8343933702,20,28,101204.6417196685
C00658,Customer 0658,SMB,South,4957092.929927682,28,45,177039.03321170292
C00659,Customer 0659,Enterprise,West,8070181.870593773,31,91,260328.44743850883
C00660,Customer 0660,Mid-Market,South,3055706.0733702616,24,49,127321.08639042756
C00661,Customer 0661,Mid-Market,South,3275969.782881799,19,51,172419.4622569368
C00662,Customer 0662,Enterprise,Central,3426016.418642259,18,45,190334.2454801255
C00663,Customer 0663,Mid-Market,North,4013266.603225342,18,35,222959.25573474122
C00664,Customer 0664,Mid-Market,North,3681840.728242353,19,40,193781.09096012384
C00665,Customer 0665,Mid-Market,South,5687250.656265644,27,51,210638.91319502387
C00666,Customer 0666,Enterprise,East,3911650.4041653248,17,45,230097.08259796028
C00667,Customer 0667,Mid-Market,East,3292120.6765657975,15,31,219474.71177105317
C00668,Customer 0668,Enterprise,Central,7323205.125074806,27,73,271229.819447215
C00669,Customer 0669,Mid-Market,South,4279629.618503834,25,52,171185.18474015337
C00670,Customer 0670,Enterprise,South,7628803.74882446,27,86,282548.2869934985
C00671,Customer 0671,SMB,North,2974700.2453226442,25,37,118988.00981290577
C00672,Customer 0672,Enterprise,West,6030265.110083028,21,69,287155.48143252515
C00673,Customer 0673,Mid-Market,Central,3555516.8962945,23,39,154587.69114323915
C00674,Customer 0674,Enterprise,East,3393398.440675585,17,42,199611.67298091677
C00675,Customer 0675,Enterprise,West,5125710.662203813,16,56,320356.9163877383
C00676,Customer 0676,Enterprise,South,6725681.391819404,26,72,258680.05353151556
C00677,Customer 0677,Enterprise,Central,5940026.780047222,17,59,349413.34000277775
C00678,Customer 0678,Enterprise,West,5493873.502772293,21,58,261613.02394153777
C00679,Customer 0679,Mid-Market,North,3401272.447514985,17,31,200074.84985382267
C00680,Customer 0680,Mid-Market,South,6069251.226240089,28,57,216758.97236571746
C00681,Customer 0681,Enterprise,North,4107945.2210641447,19,49,216207.64321390237
C00682,Customer 0682,Mid-Market,North,4401782.438291721,23,42,191381.84514311832
C00683,Customer 0683,Mid-Market,North,5016982.140660679,26,56,192960.85156387227
C00684,Customer 0684,Mid-Market,South,2970998.850372292,17,31,174764.63825719364
C00685,Customer 0685,Mid-Market,West,3327546.1605514935,22,47,151252.09820688606
C00686,Customer 0686,Enterprise,South,5142309.834259474,22,52,233741.35610270334
C00687,Customer 0687,Mid-Market,South,2279791.070721535,18,31,126655.05948452972
C00688,Customer 0688,Mid-Market,Central,1771962.3115969258,10,24,177196.23115969257
C00689,Customer 0689,SMB,East,3051243.1644972153,30,51,101708.1054832405
C00690,Customer 0690,SMB,West,3794883.2714658207,25,36,151795.33085863283
C00691,Customer 0691,SMB,South,3840339.6763386326,22,39,174560.89437902876
C00692,Customer 0692,Mid-Market,Central,3978440.160998515,27,56,147349.63559253758
C00693,Customer 0693,Enterprise,South,7813217.486563951,27,77,289378.42542829446
C00694,Customer 0694,Mid-Market,South,2654682.7974134358,16,28,165917.67483833974
C00695,Customer 0695,Mid-Market,Central,2404724.491977031,16,29,150295.28074856443
C00696,Customer 0696,Enterprise,West,3754158.705474635,20,56,187707.93527373177
C00697,Customer 0697,Enterprise,East,4790945.465164222,23,58,208301.97674627052
C00698,Customer 0698,Mid-Market,West,3632850.898103317,22,41,165129.58627742348
C00699,Customer 0699,Mid-Market,West,2294769.1382694426,18,28,127487.17434830236
C00700,Customer 0700,Enterprise,South,8184228.31929842,27,84,303119.56738142297
C00701,Customer 0701,SMB,South,2465584.5344746723,16,20,154099.03340466702
C00702,Customer 0702,Mid-Market,South,3973883.437047372,17,36,233757.8492380807
C00703,Customer 0703,SMB,North,2836611.113471779,25,36,113464.44453887116
C00704,Customer 0704,Mid-Market,Central,3784381.4436438354,20,38,189219.07218219177
C00705,Customer 0705,Mid-Market,South,2338103.688639674,14,29,167007.40633140528
C00706,Customer 0706,Enterprise,West,7275757.693280473,24,68,303156.57055335306
C00707,Customer 0707,Mid-Market,East,3547056.106684889,17,38,208650.3592167582
C00708,Customer 0708,Enterprise,East,5915354.508984114,21,57,281683.5480468626
C00709,Customer 0709,Enterprise,South,7508503.9650927745,25,80,300340.158603711
C00710,Customer 0710,Mid-Market,West,4382128.29173358,18,35,243451.57176297664
C00711,Customer 0711,Mid-Market,Central,3667664.777785422,18,40,203759.15432141232
C00712,Customer 0712,Enterprise,East,2946644.043173121,12,28,245553.67026442674
C00713,Customer 0713,SMB,East,3326692.163387521,22,38,151213.28015397824
C00714,Customer 0714,Enterprise,Central,5490582.820234922,18,56,305032.3789019401
C00715,Customer 0715,Mid-Market,East,4819075.47766855,23,56,209525.0207681978
C00716,Customer 0716,Mid-Market,North,5407944.74015393,25,49,216317.7896061572
C00717,Customer 0717,Mid-Market,West,3482847.3277830207,18,36,193491.51821016782
C00718,Customer 0718,Mid-Market,North,2395532.8736059438,15,30,159702.1915737296
C00719,Customer 0719,Enterprise,West,4579503.831718547,19,51,241026.51745887092
C00720,Customer 0720,SMB,Central,4288477.0224496145,29,44,147878.51801550394
C00721,Customer 0721,Mid-Market,West,5176460.16129547,27,60,191720.74671464704
C00722,Customer 0722,Enterprise,South,7688469.919389881,32,73,240264.6849809338
C00723,Customer 0723,Mid-Market,North,3522786.4609390628,21,45,167751.73623519347
C00724,Customer 0724,SMB,Central,2539384.1139396257,20,29,126969.20569698128
C00725,Customer 0725,SMB,North,2332893.8098783283,18,27,129605.21165990713
C00726,Customer 0726,SMB,North,2870466.2826839625,19,26,151077.17277284013
C00727,Customer 0727,Mid-Market,South,4596263.966030021,18,40,255347.99811277897
C00728,Customer 0728,Mid-Market,North,3439455.192727087,16,37,214965.94954544294
C00729,Customer 0729,Mid-Market,South,3998412.2050643256,19,33,210442.7476349645
C00730,Customer 0730,SMB,West,2547497.593043655,20,32,127374.87965218276
C00731,Customer 0731,Mid-Market,South,4969366.526526434,20,40,248468.32632632172
C00732,Customer 0732,Mid-Market,North,4705989.695311779,24,42,196082.90397132412
C00733,Customer 0733,Mid-Market,North,3343869.8455328005,16,30,208991.86534580003
C00734,Customer 0734,Mid-Market,South,3251622.8453677003,18,34,180645.7136315389
C00735,Customer 0735,Enterprise,North,7843848.138335597,28,72,280137.4335119856
C00736,Customer 0736,Mid-Market,East,3261542.3818961005,17,32,191855.43422918237
C00737,Customer 0737,Mid-Market,North,2458607.751506845,20,35,122930.38757534225
C00738,Customer 0738,SMB,South,5240444.498123086,36,53,145567.90272564127
C00739,Customer 0739,Mid-Market,South,2672168.628817726,20,34,133608.43144088628
C00740,Customer 0740,SMB,South,3506134.099282492,24,30,146088.92080343715
C00741,Customer 0741,Mid-Market,North,2508135.098655954,16,25,156758.44366599713
C00742,Customer 0742,SMB,North,3005488.7951155067,18,29,166971.59972863927
C00743,Customer 0743,Enterprise,Central,8750762.225013891,27,74,324102.3046301441
C00744,Customer 0744,SMB,North,3898486.2561060525,26,40,149941.77908100202
C00745,Customer 0745,Mid-Market,West,3681455.258972623,20,37,184072.76294863113
C00746,Customer 0746,Mid-Market,West,2156828.8020403413,18,25,119823.82233557451
C00747,Customer 0747,Mid-Market,South,4488540.127638869,22,37,204024.55125631223
C00748,Customer 0748,Mid-Market,South,2554874.638292111,20,43,127743.73191460555
C00749,Customer 0749,Mid-Market,East,2482671.4571116315,15,30,165511.43047410875
C00750,Customer 0750,SMB,Central,1972588.7857813295,21,28,93932.79932292046
C00751,Customer 0751,SMB,South,3665222.893374328,19,30,192906.46807233305
C00752,Customer 0752,Mid-Market,South,6062688.791525219,26,54,233180.33813558533
C00753,Customer 0753,Mid-Market,South,2332742.460455718,19,36,122775.91897135357
C00754,Customer 0754,Mid-Market,West,3348547.1959530204,24,43,139522.79983137586
C00755,Customer 0755,SMB,East,4242168.063163815,31,50,136844.1310698005
C00756,Customer 0756,SMB,South,2498099.936152311,21,30,118957.13981677672
C00757,Customer 0757,Mid-Market,South,3977615.1741056945,20,38,198880.75870528474
C00758,Customer 0758,SMB,Central,2332014.2064706516,26,36,89692.85409502506
C00759,Customer 0759,Mid-Market,North,4594938.559245479,27,47,170182.90960168443
C00760,Customer 0760,SMB,West,1275186.2655972592,11,13,115926.02414520537
C00761,Customer 0761,SMB,East,2292013.8331233244,17,25,134824.34312490144
C00762,Customer 0762,SMB,North,3142087.652671609,23,36,136612.50663789603
C00763,Customer 0763,Enterprise,North,5813659.929897202,21,54,276840.9490427239
C00764,Customer 0764,Mid-Market,North,2531726.7620944614,19,29,133248.77695234006
C00765,Customer 0765,Enterprise,Central,3190194.8454667474,20,55,159509.74227333738
C00766,Customer 0766,SMB,North,3192827.3176418655,19,30,168043.5430337824
C00767,Customer 0767,Mid-Market,North,3546644.4124242305,27,49,131357.2004601567
C00768,Customer 0768,Mid-Market,North,5427235.116312491,28,67,193829.82558258896
C00769,Customer 0769,SMB,North,4686861.88075456,22,34,213039.17639793456
C00770,Customer 0770,Enterprise,West,6800447.646058773,30,85,226681.5882019591
C00771,Customer 0771,Mid-Market,South,3172267.982284646,19,32,166961.4727518235
C00772,Customer 0772,Mid-Market,West,1990490.756522064,19,27,104762.67139589811
C00773,Customer 0773,Mid-Market,West,5424373.811134003,33,65,164374.96397375767
C00774,Customer 0774,Enterprise,Central,6001643.0480238255,32,75,187551.34525074455
C00775,Customer 0775,Enterprise,North,7502475.191223542,30,77,250082.50637411806
C00776,Customer 0776,Mid-Market,Central,4905245.120025795,20,45,245262.25600128976
C00777,Customer 0777,Mid-Market,West,5841917.286664706,24,63,243413.22027769606
C00778,Customer 0778,Mid-Market,North,3516742.3370772447,23,43,152901.8407424889
C00779,Customer 0779,Enterprise,East,5918041.280544242,20,57,295902.0640272121
C00780,Customer 0780,Mid-Market,Central,3566367.577562186,21,43,169827.02750296122
C00781,Customer 0781,Mid-Market,South,3603871.746278185,24,46,150161.32276159103
C00782,Customer 0782,Mid-Market,Central,4795196.970839778,22,53,217963.49867453537
C00783,Customer 0783,SMB,South,2460003.853439123,24,32,102500.16055996345
C00784,Customer 0784,Mid-Market,West,4739956.196685285,33,61,143635.03626319047
C00785,Customer 0785,Mid-Market,Central,4112261.3305434175,23,52,178793.97089319208
C00786,Customer 0786,SMB,South,3347521.090797501,23,35,145544.39525206527
C00787,Customer 0787,Mid-Market,East,2147402.641845182,12,22,178950.22015376517
C00788,Customer 0788,Mid-Market,South,2807093.255142489,14,35,200506.66108160635
C00789,Customer 0789,Enterprise,East,5709935.870116449,29,85,196894.34034884308
C00790,Customer 0790,Enterprise,West,3819034.679115521,17,45,224649.09877150122
C00791,Customer 0791,Enterprise,North,6665113.784441141,15,46,444340.9189627428
C00792,Customer 0792,SMB,South,2870377.5609480795,18,28,159465.42005267108
C00793,Customer 0793,SMB,South,4175244.018406774,28,35,149115.85780024194
C00794,Customer 0794,Enterprise,North,4780608.051857576,19,51,251610.95009776714
C00795,Customer 0795,Enterprise,North,4921337.5711657,25,66,196853.50284662802
C00796,Customer 0796,Mid-Market,South,4113598.374972015,26,46,158215.32211430828
C00797,Customer 0797,Mid-Market,North,4216365.839213114,18,39,234242.5466229508
C00798,Customer 0798,Mid-Market,North,3498302.1499370765,18,34,194350.1194409487
C00799,Customer 0799,Mid-Market,East,3808879.3372493116,20,45,190443.96686246558
C00800,Customer 0800,SMB,East,2432496.5842751283,20,33,121624.82921375641
C00801,Customer 0801,Mid-Market,East,2988148.768688411,20,40,149407.43843442056
C00802,Customer 0802,Mid-Market,South,3239809.977959687,23,42,140861.3033895516
C00803,Customer 0803,Mid-Market,Central,3080678.9519556095,23,38,133942.56312850476
C00804,Customer 0804,Mid-Market,West,4132700.434371045,24,44,172195.85143212686
C00805,Customer 0805,SMB,North,1932458.636497685,13,22,148650.66434597576
C00806,Customer 0806,Enterprise,North,9349311.70211857,28,84,333903.9893613775
C00807,Customer 0807,SMB,East,2317758.8585846787,18,22,128764.38103248215
C00808,Customer 0808,SMB,North,5883352.782475883,33,50,178283.41765078434
C00809,Customer 0809,SMB,West,3080319.2499003736,21,32,146681.86904287493
C00810,Customer 0810,Mid-Market,Central,5967406.934460564,28,66,213121.67623073442
C00811,Customer 0811,Mid-Market,North,2291946.209710014,15,28,152796.4139806676
C00812,Customer 0812,SMB,North,2539156.4109251434,21,29,120912.21004405445
C00813,Customer 0813,SMB,Central,1195257.9723686809,11,16,108659.81566988007
C00814,Customer 0814,Mid-Market,West,3465579.092731508,23,50,150677.35185789166
C00815,Customer 0815,SMB,North,2722479.354135626,20,29,136123.9677067813
C00816,Customer 0816,Mid-Market,Central,3353947.1766009447,19,35,176523.53561057604
C00817,Customer 0817,Mid-Market,Central,4839507.2100378815,23,53,210413.35695816876
C00818,Customer 0818,SMB,West,2039599.7550265866,15,26,135973.31700177243
C00819,Customer 0819,Mid-Market,West,2620683.8777032327,11,28,238243.98888211205
C00820,Customer 0820,Mid-Market,South,3575012.6316527524,19,38,188158.5595606712
C00821,Customer 0821,SMB,North,2488602.7220903025,20,30,124430.13610451513
C00822,Customer 0822,SMB,West,4417680.564031059,26,37,169910.7909242715
C00823,Customer 0823,SMB,South,3029962.857387147,18,28,168331.2698548415
C00824,Customer 0824,Mid-Market,East,3998493.3344096034,25,38,159939.73337638413
C00825,Customer 0825,SMB,Central,2291595.7873744164,17,25,134799.7521984951
C00826,Customer 0826,Enterprise,North,5513449.11371694,18,46,306302.72853983
C00827,Customer 0827,Mid-Market,West,4597336.26788778,14,35,328381.1619919843
C00828,Customer 0828,Mid-Market,South,3805429.647139829,21,53,181210.9355780871
C00829,Customer 0829,SMB,Central,2646212.9535488263,24,34,110258.87306453443
C00830,Customer 0830,SMB,South,3505768.2710254467,27,39,129843.26929723877
C00831,Customer 0831,SMB,West,4087619.9079616484,23,35,177722.6046939847
C00832,Customer 0832,Mid-Market,West,3079014.6538704024,18,38,171056.36965946679
C00833,Customer 0833,Mid-Market,South,5088952.874950691,28,49,181748.3169625247
C00834,Customer 0834,Mid-Market,East,2128248.2124719336,16,33,133015.51327949585
C00835,Customer 0835,Mid-Market,East,3172035.7449347936,22,33,144183.44295158153
C00836,Customer 0836,Enterprise,West,3688646.7157252333,13,30,283742.0550557872
C00837,Customer 0837,Mid-Market,East,3893951.488288398,23,42,169302.2386212347
C00838,Customer 0838,SMB,Central,1414649.1155999068,12,18,117887.42629999224
C00839,Customer 0839,SMB,South,1775507.2695299468,14,21,126821.94782356764
C00840,Customer 0840,SMB,West,2287369.3165007667,21,34,108922.34840479841
C00841,Customer 0841,Mid-Market,North,4855111.992884288,21,44,231195.80918496609
C00842,Customer 0842,Mid-Market,East,2433889.2956402837,19,29,128099.43661264652
C00843,Customer 0843,Enterprise,West,7672895.630774475,30,83,255763.1876924825
C00844,Customer 0844,Mid-Market,South,5116897.260789128,25,51,204675.89043156512
C00845,Customer 0845,Mid-Market,North,1810253.3739840956,18,29,100569.63188800531
C00846,Customer 0846,Mid-Market,Central,2932467.882074196,26,48,112787.22623362292
C00847,Customer 0847,Enterprise,South,6053542.002352439,20,63,302677.10011762194
C00848,Customer 0848,Mid-Market,East,3151172.2337751095,21,45,150055.8206559576
C00849,Customer 0849,Mid-Market,North,5325371.197570806,25,53,213014.84790283226
C00850,Customer 0850,Mid-Market,Central,3847148.3788212305,19,38,202481.49362217003
C00851,Customer 0851,Mid-Market,North,3315304.888130905,13,31,255023.45293314656
C00852,Customer 0852,Mid-Market,North,5552751.306765174,23,52,241423.96985935536
C00853,Customer 0853,Mid-Market,Central,4736411.400998068,23,51,205930.93047817686
C00854,Customer 0854,Mid-Market,Central,3588390.1267223624,22,42,163108.64212374375
C00855,Customer 0855,Mid-Market,North,4481462.150386187,23,48,194846.18045157337
C00856,Customer 0856,Enterprise,West,4820865.720299783,18,45,267825.87334998796
C00857,Customer 0857,SMB,East,1822754.3085984555,15,23,121516.95390656371
C00858,Customer 0858,Enterprise,Central,5093372.583680936,23,60,221450.98189917114
C00859,Customer 0859,Mid-Market,South,4188113.3667574083,22,39,190368.78939806402
C00860,Customer 0860,Enterprise,West,4292566.671968636,17,45,252503.92188050802
C00861,Customer 0861,Mid-Market,East,7259690.202429923,35,77,207419.72006942637
C00862,Customer 0862,Mid-Market,East,4027288.586121059,19,40,211962.55716426627
C00863,Customer 0863,SMB,East,2462950.4522841247,16,26,153934.4032677578
C00864,Customer 0864,Mid-Market,West,3687857.9229214573,20,42,184392.89614607286
C00865,Customer 0865,Mid-Market,North,4237536.517846243,23,46,184240.71816722798
C00866,Customer 0866,Mid-Market,Central,3045903.6711400435,16,30,190368.97944625272
C00867,Customer 0867,Enterprise,Central,5613672.078567408,23,57,244072.69906814818
C00868,Customer 0868,Mid-Market,East,3258923.3068616576,22,39,148132.87758462082
C00869,Customer 0869,Mid-Market,North,5136203.691810732,21,35,244581.12818146343
C00870,Customer 0870,Mid-Market,North,5625527.194571197,21,49,267882.2473605332
C00871,Customer 0871,SMB,East,3004086.4943206375,20,27,150204.32471603187
C00872,Customer 0872,SMB,North,3888395.4734449717,24,37,162016.47806020716
C00873,Customer 0873,SMB,Central,3668101.35646526,28,36,131003.6198737593
C00874,Customer 0874,Mid-Market,South,7504732.000477428,29,66,258783.86208542853
C00875,Customer 0875,SMB,East,2107620.3031312083,21,36,100362.87157767659
C00876,Customer 0876,Mid-Market,Central,4834584.332383413,28,61,172663.72615655046
C00877,Customer 0877,Mid-Market,South,3439173.755312241,17,34,202304.3385477789
C00878,Customer 0878,SMB,South,2474017.8056879104,21,28,117810.3716994243
C00879,Customer 0879,Mid-Market,West,4103006.1765854256,23,50,178391.5728950185
C00880,Customer 0880,SMB,West,2344867.4888308216,17,23,137933.38169593067
C00881,Customer 0881,SMB,South,4888038.032972778,26,37,188001.46280664532
C00882,Customer 0882,Enterprise,West,3585975.060143033,18,35,199220.83667461295
C00883,Customer 0883,Mid-Market,Central,3487335.3714723736,19,34,183543.9669195986
C00884,Customer 0884,Mid-Market,West,5855176.7156746425,32,66,182974.27236483258
C00885,Customer 0885,SMB,North,3588397.725208666,25,41,143535.90900834664
C00886,Customer 0886,SMB,South,4342650.200285497,28,41,155094.65001019632
C00887,Customer 0887,Enterprise,South,6031617.371463463,16,42,376976.0857164664
C00888,Customer 0888,Enterprise,North,4204750.7927416945,17,47,247338.28192598204
C00889,Customer 0889,Enterprise,North,3468650.968062639,18,40,192702.8315590355
C00890,Customer 0890,Mid-Market,East,1758184.038744122,16,25,109886.50242150763
C00891,Customer 0891,Enterprise,South,6777428.39450754,19,55,356706.75760566
C00892,Customer 0892,SMB,Central,2268588.3174833995,18,23,126032.68430463331
C00893,Customer 0893,Mid-Market,South,6061785.883448315,28,68,216492.35298029697
C00894,Customer 0894,SMB,North,5083939.513145857,25,43,203357.58052583426
C00895,Customer 0895,Mid-Market,East,3421031.6798729682,14,26,244359.405705212
C00896,Customer 0896,Mid-Market,Central,2803880.441630499,22,33,127449.1109832045
C00897,Customer 0897,Enterprise,South,10098692.590841353,39,110,258940.83566259878
C00898,Customer 0898,SMB,North,3826739.9386858703,23,40,166379.99733416826
C00899,Customer 0899,Enterprise,North,7053729.22562328,21,66,335891.86788682285
C00900,Customer 0900,Enterprise,West,4492788.49949634,25,70,179711.53997985358
C00901,Customer 0901,Enterprise,West,4713889.760239489,24,46,196412.07334331205
C00902,Customer 0902,SMB,South,5082298.838585813,29,41,175251.68408916594
C00903,Customer 0903,Enterprise,North,9191600.870472226,27,79,340429.66186934174
C00904,Customer 0904,Mid-Market,West,3767620.252941043,24,46,156984.1772058768
C00905,Customer 0905,SMB,Central,2525237.4249046417,30,40,84174.58083015472
C00906,Customer 0906,SMB,West,2685741.146483619,21,31,127892.43554683901
C00907,Customer 0907,Enterprise,West,6868858.145779031,27,74,254402.15354737153
C00908,Customer 0908,Enterprise,North,4777465.387277622,19,51,251445.5466988222
C00909,Customer 0909,Mid-Market,South,2341927.43208062,19,32,123259.33853055895
C00910,Customer 0910,Enterprise,South,5867780.429096646,28,69,209563.58675345164
C00911,Customer 0911,Mid-Market,East,2384684.681950138,20,36,119234.2340975069
C00912,Customer 0912,Mid-Market,Central,2348571.0735070347,14,24,167755.0766790739
C00913,Customer 0913,Mid-Market,Central,4494301.8288062215,24,50,187262.57620025924
C00914,Customer 0914,Enterprise,Central,4339775.224148378,19,42,228409.22232359883
C00915,Customer 0915,Mid-Market,Central,2299366.3369215867,14,25,164240.45263725618
C00916,Customer 0916,Enterprise,Central,6042278.569498431,25,67,241691.14277993725
C00917,Customer 0917,Mid-Market,North,3926979.139980319,25,60,157079.16559921275
C00918,Customer 0918,Enterprise,North,5407320.054337456,22,62,245787.27519715708
C00919,Customer 0919,SMB,South,4735451.973809275,32,51,147982.87418153984
C00920,Customer 0920,Mid-Market,West,5662398.715178162,20,46,283119.9357589081
C00921,Customer 0921,Enterprise,North,5340145.443887536,21,63,254292.64018512078
C00922,Customer 0922,Enterprise,Central,4713090.62685931,26,64,181272.71641766577
C00923,Customer 0923,Mid-Market,West,6466128.36760025,31,60,208584.78605162096
C00924,Customer 0924,Enterprise,West,5442890.943825261,26,67,209341.95937789464
C00925,Customer 0925,Enterprise,North,2976055.0736978855,16,40,186003.44210611784
C00926,Customer 0926,SMB,South,5366474.292771783,32,50,167702.3216491182
C00927,Customer 0927,Mid-Market,North,3504945.400974012,24,41,146039.3917072505
C00928,Customer 0928,Enterprise,Central,7993993.2048210455,26,85,307461.27710850176
C00929,Customer 0929,Mid-Market,West,5344335.606357836,23,55,232362.41766773202
C00930,Customer 0930,Mid-Market,East,2985900.4853992076,18,37,165883.36029995597
C00931,Customer 0931,SMB,South,2350907.237288841,18,20,130605.95762715784
C00932,Customer 0932,Enterprise,South,6575604.329142439,24,73,273983.5137142683
C00933,Customer 0933,SMB,South,2149928.6330324556,16,23,134370.53956452847
C00934,Customer 0934,SMB,East,3297655.9840226173,23,30,143376.34713141815
C00935,Customer 0935,Enterprise,East,4731120.1268369565,19,55,249006.32246510297
C00936,Customer 0936,Enterprise,North,3989589.1159977606,18,49,221643.83977765337
C00937,Customer 0937,Mid-Market,Central,5497147.071007715,29,65,189556.79555199016
C00938,Customer 0938,SMB,North,3187547.254993733,18,23,177085.95861076296
C00939,Customer 0939,Mid-Market,Central,2955825.1920206123,21,40,140753.5805724101
C00940,Customer 0940,Mid-Market,North,2166542.737977636,19,34,114028.56515671768
C00941,Customer 0941,SMB,South,870174.3708895018,14,15,62155.312206392984
C00942,Customer 0942,SMB,Central,1663692.7129083788,16,28,103980.79455677368
C00943,Customer 0943,Mid-Market,North,4623467.7105115,18,38,256859.31725063888
C00944,Customer 0944,Mid-Market,South,3157634.819089296,15,29,210508.9879392864
C00945,Customer 0945,SMB,South,3911382.713563191,22,34,177790.1233437814
C00946,Customer 0946,Mid-Market,South,5811339.293606925,24,45,242139.13723362188
C00947,Customer 0947,SMB,East,2925110.41763312,26,35,112504.24683204308
C00948,Customer 0948,Enterprise,Central,4821312.962552144,29,79,166252.17112248772
C00949,Customer 0949,Enterprise,Central,4220847.4419433065,21,54,200992.73533063364
C00950,Customer 0950,SMB,South,2284892.1676840675,16,24,142805.76048025422
C00951,Customer 0951,Mid-Market,West,4377004.261251132,25,49,175080.1704500453
C00952,Customer 0952,Enterprise,South,5359801.49316229,21,49,255228.64253153763
C00953,Customer 0953,Enterprise,South,6436825.678011098,20,55,321841.2839005549
C00954,Customer 0954,Mid-Market,North,2771373.6301080342,18,30,153965.20167266857
C00955,Customer 0955,SMB,Central,1569945.2504973006,11,18,142722.2954997546
C00956,Customer 0956,Enterprise,Central,6936486.388180591,23,66,301586.36470350396
C00957,Customer 0957,Enterprise,East,3055388.9563056272,11,31,277762.63239142066
C00958,Customer 0958,Mid-Market,West,3308187.4650299563,13,30,254475.9588484582
C00959,Customer 0959,SMB,West,1836175.9980822096,16,26,114760.9998801381
C00960,Customer 0960,Mid-Market,West,5004577.721304406,22,55,227480.80551383665
C00961,Customer 0961,SMB,West,4783727.279153811,31,47,154313.78319851003
C00962,Customer 0962,SMB,South,3550294.016905859,16,28,221893.3760566162
C00963,Customer 0963,Mid-Market,North,5861571.566420241,26,50,225445.06024693235
C00964,Customer 0964,SMB,North,2454588.889992788,20,27,122729.4444996394
C00965,Customer 0965,Mid-Market,Central,1982811.4767713926,15,19,132187.4317847595
C00966,Customer 0966,Mid-Market,West,4293430.211362002,22,53,195155.91869827284
C00967,Customer 0967,Mid-Market,Central,3681071.1155659044,23,51,160046.57024199585
C00968,Customer 0968,SMB,North,2744024.3884643526,18,23,152445.7993591307
C00969,Customer 0969,SMB,West,1800807.6139176546,21,31,85752.74351988832
C00970,Customer 0970,SMB,North,2807514.8283285704,27,38,103982.03067883594
C00971,Customer 0971,SMB,South,2240487.6248177276,16,20,140030.47655110797
C00972,Customer 0972,Mid-Market,North,3922139.4650039673,16,33,245133.71656274796
C00973,Customer 0973,SMB,North,5101418.071130385,34,52,150041.70797442307
C00974,Customer 0974,SMB,Central,1900372.5574637048,17,23,111786.62102727675
C00975,Customer 0975,Enterprise,South,3000137.329083721,13,30,230779.79454490164
C00976,Customer 0976,Enterprise,West,7296074.317092774,23,75,317220.62248229457
C00977,Customer 0977,Mid-Market,West,4560835.696260646,29,51,157270.1964227809
C00978,Customer 0978,SMB,South,2260893.4196307566,18,23,125605.18997948647
C00979,Customer 0979,Mid-Market,West,2622500.8828953174,18,35,145694.4934941843
C00980,Customer 0980,SMB,North,2148320.1747284266,14,17,153451.44105203048
C00981,Customer 0981,Enterprise,Central,4662442.024658197,22,45,211929.18293900893
C00982,Customer 0982,Mid-Market,East,3980144.870342249,23,46,173049.77697140214
C00983,Customer 0983,Mid-Market,East,2959794.901794357,20,35,147989.74508971785
C00984,Customer 0984,Enterprise,West,6263413.646020734,24,69,260975.56858419723
C00985,Customer 0985,SMB,North,2437237.9659214993,21,24,116058.95075816664
C00986,Customer 0986,Enterprise,Central,4041344.381252192,23,50,175710.62527183443
C00987,Customer 0987,SMB,South,2788424.9528644853,19,28,146759.20804549922
C00988,Customer 0988,Enterprise,North,3763940.807938356,18,52,209107.822663242
C00989,Customer 0989,SMB,South,1991266.7169381203,18,22,110625.92871878446
C00990,Customer 0990,Mid-Market,East,4358083.113705376,27,64,161410.4856927917
C00991,Customer 0991,Enterprise,West,4826316.584715322,22,50,219378.02657796917
C00992,Customer 0992,Enterprise,East,4963279.513576553,25,67,198531.18054306213
C00993,Customer 0993,Enterprise,East,5030999.873763561,25,66,201239.99495054246
C00994,Customer 0994,Mid-Market,North,4208919.263407431,29,53,145135.14701404932
C00995,Customer 0995,SMB,Central,2537699.1823838716,22,30,115349.96283563053
C00996,Customer 0996,Mid-Market,South,2467170.4984050896,16,34,154198.1561503181
C00997,Customer 0997,Mid-Market,West,3008458.4021931803,18,37,167136.57789962113
C00998,Customer 0998,Mid-Market,North,3135396.6341739264,27,48,116125.80126570098
C00999,Customer 0999,Mid-Market,Central,2688988.4259352135,21,37,128047.06790167683
C01000,Customer 1000,Mid-Market,South,4133774.2514761453,25,39,165350.97005904582
C01001,Customer 1001,Mid-Market,North,3747206.936898669,21,46,178438.42556660328
C01002,Customer 1002,SMB,South,2934063.1149024516,18,24,163003.50638346953
C01003,Customer 1003,SMB,North,2317126.9830060345,22,29,105323.95377300157
C01004,Customer 1004,Mid-Market,North,5353013.851017963,27,52,198259.77225992456
C01005,Customer 1005,Enterprise,West,4673686.32135626,23,62,203203.7531024461
C01006,Customer 1006,Enterprise,South,6098818.639853892,24,63,254117.4433272455
C01007,Customer 1007,Mid-Market,Central,1912533.586474792,13,22,147117.9681903686
C01008,Customer 1008,Mid-Market,South,5097253.537114691,22,44,231693.34259612233
C01009,Customer 1009,SMB,East,2427908.888725535,19,24,127784.67835397553
C01010,Customer 1010,Mid-Market,West,2797662.540567535,21,34,133222.0257413112
C01011,Customer 1011,Mid-Market,West,2814060.046021428,16,30,175878.75287633925
C01012,Customer 1012,SMB,West,2569100.334617768,17,23,151123.54909516283
C01013,Customer 1013,Mid-Market,West,1864759.621584177,12,20,155396.63513201475
C01014,Customer 1014,SMB,Central,1302293.712740548,17,20,76605.51251414989
C01015,Customer 1015,Enterprise,South,6327911.139637979,21,53,301329.1018875228
C01016,Customer 1016,Mid-Market,North,4629699.41514876,28,67,165346.4076838843
C01017,Customer 1017,SMB,East,1521226.4032628771,19,22,80064.54754015143
C01018,Customer 1018,SMB,Central,2894469.3716139747,23,30,125846.4944179989
C01019,Customer 1019,SMB,North,3566778.2249268554,23,31,155077.3141272546
C01020,Customer 1020,Mid-Market,South,3590453.880736812,19,37,188971.25688088484
C01021,Customer 1021,SMB,Central,2963674.647724246,21,31,141127.36417734507
C01022,Customer 1022,Mid-Market,East,3218576.5816213023,23,43,139938.11224440444
C01023,Customer 1023,Mid-Market,Central,4156346.4827522277,19,36,218755.07803959094
C01024,Customer 1024,Enterprise,West,7359007.501664077,21,57,350428.92865067034
C01025,Customer 1025,Enterprise,West,3772002.154037505,20,43,188600.10770187524
C01026,Customer 1026,Mid-Market,South,2827033.718571923,16,30,176689.6074107452
C01027,Customer 1027,Enterprise,Central,4356572.657736384,22,53,198026.02989710838
C01028,Customer 1028,SMB,South,1727890.7148322037,17,23,101640.63028424728
C01029,Customer 1029,SMB,East,2325022.1456024405,17,23,136766.00856484944
C01030,Customer 1030,SMB,South,2825103.6193746743,20,27,141255.1809687337
C01031,Customer 1031,Enterprise,West,7403431.901139999,25,77,296137.27604559995
C01032,Customer 1032,SMB,East,1991593.7741352536,22,36,90526.98973342062
C01033,Customer 1033,Enterprise,West,3535830.2189294877,15,35,235722.01459529917
C01034,Customer 1034,Mid-Market,Central,6558361.735092958,26,58,252244.68211895993
C01035,Customer 1035,SMB,South,2527772.915862887,17,21,148692.52446252276
C01036,Customer 1036,Enterprise,West,4240759.875529649,19,44,223197.88818577098
C01037,Customer 1037,Enterprise,South,6046526.7319623325,22,53,274842.12418010604
C01038,Customer 1038,Enterprise,South,5603818.947511868,16,50,350238.6842194917
C01039,Customer 1039,Mid-Market,South,2715189.279794882,16,30,169699.32998718013
C01040,Customer 1040,SMB,North,3422817.3564495873,20,29,171140.86782247937
C01041,Customer 1041,Enterprise,North,7564899.27632928,19,57,398152.59349101473
C01042,Customer 1042,Enterprise,East,2999523.202024505,21,52,142834.4381916431
C01043,Customer 1043,Mid-Market,West,3901148.915116205,19,41,205323.6271113792
C01044,Customer 1044,Mid-Market,East,4383975.590863543,22,47,199271.61776652467
C01045,Customer 1045,SMB,North,2033300.6126127634,18,20,112961.14514515352
C01046,Customer 1046,SMB,South,2122764.803253201,18,21,117931.37795851116
C01047,Customer 1047,SMB,North,4236607.986673297,27,38,156911.40691382583
C01048,Customer 1048,SMB,East,1734141.5016914972,15,22,115609.4334460998
C01049,Customer 1049,Mid-Market,Central,5033366.225054745,24,48,209723.59271061435
C01050,Customer 1050,SMB,South,3488509.0035541146,28,40,124589.6072697898
C01051,Customer 1051,Enterprise,East,5470926.421365913,16,50,341932.90133536956
C01052,Customer 1052,Enterprise,North,6665280.558425406,23,64,289794.8068880611
C01053,Customer 1053,Mid-Market,South,3163297.4057130003,18,30,175738.74476183334
C01054,Customer 1054,Enterprise,North,5492970.069111192,23,61,238824.78561353008
C01055,Customer 1055,SMB,South,3175917.028308174,19,26,167153.52780569336
C01056,Customer 1056,Mid-Market,East,3421443.6004066016,22,40,155520.16365484553
C01057,Customer 1057,SMB,Central,2669849.909320995,23,38,116080.43084004326
C01058,Customer 1058,Mid-Market,North,2748459.4167501447,19,35,144655.7587763234
C01059,Customer 1059,Mid-Market,West,4862058.3944070265,23,47,211393.8432350881
C01060,Customer 1060,SMB,East,3170404.102843518,24,30,132100.17095181326
C01061,Customer 1061,Mid-Market,Central,3395315.099513164,20,36,169765.7549756582
C01062,Customer 1062,Mid-Market,West,3427548.9186020833,25,47,137101.95674408332
C01063,Customer 1063,Mid-Market,South,1905460.0992671323,17,33,112085.88819218425
C01064,Customer 1064,SMB,West,3528917.2010301654,19,34,185732.48426474555
C01065,Customer 1065,SMB,South,3267153.8332200283,19,30,171955.46490631727
C01066,Customer 1066,Enterprise,Central,5692928.786953323,18,54,316273.8214974068
C01067,Customer 1067,Mid-Market,South,3817298.3348790435,16,36,238581.14592994022
C01068,Customer 1068,Mid-Market,East,3601702.344620496,15,36,240113.4896413664
C01069,Customer 1069,Enterprise,North,4725918.1445951145,15,41,315061.2096396743
C01070,Customer 1070,Mid-Market,South,4237785.147162101,18,39,235432.5081756723
C01071,Customer 1071,Mid-Market,Central,5646926.868177369,33,72,171118.99600537482
C01072,Customer 1072,Enterprise,West,4620405.153978001,22,58,210018.41608990915
C01073,Customer 1073,Mid-Market,South,4108285.657125775,25,48,164331.426285031
C01074,Customer 1074,Enterprise,Central,3694437.0373746483,14,42,263888.35981247487
C01075,Customer 1075,Mid-Market,Central,1723990.460647716,17,27,101411.2035675127
C01076,Customer 1076,Enterprise,South,8098258.18341114,23,60,352098.18188744085
C01077,Customer 1077,SMB,West,2328768.321659999,20,32,116438.41608299995
C01078,Customer 1078,Enterprise,West,3877070.2444054256,20,48,193853.51222027128
C01079,Customer 1079,SMB,West,2061009.32877776,19,25,108474.17519882947
C01080,Customer 1080,Enterprise,South,3620267.9821106438,14,31,258590.57015076026
C01081,Customer 1081,Mid-Market,South,4510115.331110728,20,39,225505.7665555364
C01082,Customer 1082,Mid-Market,Central,5929427.833384908,25,51,237177.1133353963
C01083,Customer 1083,Mid-Market,Central,4517685.884595914,25,48,180707.43538383656
C01084,Customer 1084,Mid-Market,Central,3660052.0449100207,24,45,152502.16853791752
C01085,Customer 1085,SMB,Central,1735513.049606595,12,15,144626.08746721625
C01086,Customer 1086,SMB,East,1815985.3196643232,18,22,100888.07331468462
C01087,Customer 1087,Mid-Market,East,3325976.705200862,23,42,144607.6828348201
C01088,Customer 1088,Enterprise,East,4189328.0096569983,23,60,182144.6960720434
C01089,Customer 1089,SMB,West,2740536.549030867,16,25,171283.53431442918
C01090,Customer 1090,Mid-Market,South,4812765.907157405,23,46,209250.69161553937
C01091,Customer 1091,Enterprise,South,5625592.641754091,15,48,375039.5094502727
C01092,Customer 1092,SMB,West,4503453.94676008,28,41,160837.64095571713
C01093,Customer 1093,Mid-Market,South,3386320.5637035156,18,36,188128.92020575085
C01094,Customer 1094,Mid-Market,South,3184088.662469816,26,43,122464.94855653138
C01095,Customer 1095,Mid-Market,West,4533926.694533523,21,44,215901.27116826302
C01096,Customer 1096,Mid-Market,South,4857767.939024737,27,45,179917.33107499027
C01097,Customer 1097,Enterprise,North,3056962.927967611,12,27,254746.91066396757
C01098,Customer 1098,SMB,East,2375267.7206872995,16,22,148454.23254295622
C01099,Customer 1099,Enterprise,Central,6076617.807196275,21,69,289362.75272363215
C01100,Customer 1100,SMB,North,2472148.0503393114,20,26,123607.40251696557
C01101,Customer 1101,SMB,North,3926781.027040873,30,48,130892.70090136243
C01102,Customer 1102,SMB,South,2305048.5870298753,23,28,100219.50378390762
C01103,Customer 1103,Enterprise,East,4388963.298720608,23,53,190824.4912487221
C01104,Customer 1104,Mid-Market,Central,3673360.809667164,18,37,204075.60053706466
C01105,Customer 1105,Mid-Market,North,3885181.59435937,23,37,168920.93888519
C01106,Customer 1106,Mid-Market,East,2876546.8084510807,18,29,159808.15602506005
C01107,Customer 1107,SMB,North,2981170.449739627,18,23,165620.5805410904
C01108,Customer 1108,Mid-Market,South,5644060.402061727,28,45,201573.58578791883
C01109,Customer 1109,SMB,Central,3318512.860907952,25,36,132740.51443631807
C01110,Customer 1110,Enterprise,North,6447772.868980661,24,61,268657.2028741942
C01111,Customer 1111,Mid-Market,North,4291758.067241086,20,40,214587.9033620543
C01112,Customer 1112,Enterprise,South,3420795.8393887402,22,52,155490.71997221548
C01113,Customer 1113,SMB,West,2616243.7928995015,14,22,186874.5566356787
C01114,Customer 1114,Enterprise,Central,7521537.9714378305,23,78,327023.39006251434
C01115,Customer 1115,Mid-Market,Central,3049305.532262734,20,37,152465.2766131367
C01116,Customer 1116,SMB,North,1698956.877143791,15,22,113263.79180958607
C01117,Customer 1117,Mid-Market,North,5015380.766825589,16,41,313461.29792659933
C01118,Customer 1118,Enterprise,East,5436696.892363033,26,78,209103.72662934742
C01119,Customer 1119,Enterprise,South,6380285.817531088,15,44,425352.3878354059
C01120,Customer 1120,Mid-Market,Central,1586229.9510327452,18,28,88123.88616848584
C01121,Customer 1121,Mid-Market,East,6348336.239259387,32,64,198385.50747685586
C01122,Customer 1122,Enterprise,North,5882252.865039375,28,66,210080.45946569197
C01123,Customer 1123,Mid-Market,Central,3046320.6118357917,21,39,145062.88627789484
C01124,Customer 1124,Mid-Market,North,4287814.969008392,22,47,194900.68040947235
C01125,Customer 1125,Mid-Market,South,7622286.02906355,30,58,254076.200968785
C01126,Customer 1126,Mid-Market,West,2733818.0182468966,14,34,195272.71558906403
C01127,Customer 1127,Enterprise,West,3799323.073392041,23,54,165187.95971269743
C01128,Customer 1128,Enterprise,East,4356202.133490382,16,42,272262.63334314886
C01129,Customer 1129,Mid-Market,West,3563037.658349358,21,35,169668.459921398
C01130,Customer 1130,Enterprise,Central,5764140.17945343,27,69,213486.67331309
C01131,Customer 1131,Mid-Market,Central,4344494.249568383,20,41,217224.71247841915
C01132,Customer 1132,SMB,West,1687832.3204703317,12,20,140652.69337252763
C01133,Customer 1133,SMB,North,2043829.6884810836,19,29,107569.98360426756
C01134,Customer 1134,Mid-Market,East,4493303.21967567,23,44,195361.0095511161
C01135,Customer 1135,Mid-Market,Central,3696740.5134120933,21,39,176035.26254343303
C01136,Customer 1136,Mid-Market,South,4246375.28623605,19,35,223493.43611768683
C01137,Customer 1137,SMB,West,3841556.6096172393,26,37,147752.17729297074
C01138,Customer 1138,Mid-Market,South,4961168.457829338,26,45,190814.1714549745
C01139,Customer 1139,Mid-Market,North,4571182.736351656,14,35,326513.0525965468
C01140,Customer 1140,Mid-Market,East,6371071.14226106,34,58,187384.4453606194
C01141,Customer 1141,Enterprise,South,7838362.2220495315,20,60,391918.1111024766
C01142,Customer 1142,Mid-Market,East,5830073.456496858,25,58,233202.93825987433
C01143,Customer 1143,SMB,Central,2639620.490332285,28,35,94272.16036901018
C01144,Customer 1144,SMB,Central,2745169.006385909,23,34,119355.17419069169
C01145,Customer 1145,Enterprise,South,6080526.172824693,23,61,264370.703166291
C01146,Customer 1146,Mid-Market,South,4302640.142708607,20,36,215132.00713543035
C01147,Customer 1147,Mid-Market,East,1922153.304428663,18,30,106786.29469048129
C01148,Customer 1148,Mid-Market,East,3758313.6870396207,24,43,156596.40362665086
C01149,Customer 1149,Mid-Market,West,4395252.109471866,25,49,175810.08437887463
C01150,Customer 1150,Enterprise,Central,2900666.928177965,15,34,193377.79521186432
C01151,Customer 1151,SMB,North,3996787.267260132,20,34,199839.3633630066
C01152,Customer 1152,SMB,Central,4799765.168265077,33,53,145447.429341366
C01153,Customer 1153,Mid-Market,North,3227945.4022872304,20,43,161397.2701143615
C01154,Customer 1154,Mid-Market,North,4911752.241777807,26,48,188913.54776068486
C01155,Customer 1155,Mid-Market,West,3705463.9148202925,17,31,217968.46557766426
C01156,Customer 1156,Mid-Market,North,5605870.001545462,30,56,186862.33338484872
C01157,Customer 1157,Enterprise,North,6907582.227078329,25,73,276303.28908313316
C01158,Customer 1158,Mid-Market,North,2193258.39256714,19,34,115434.6522403758
C01159,Customer 1159,Enterprise,South,6202131.702125699,22,64,281915.07736934995
C01160,Customer 1160,SMB,East,1948126.9615488348,20,31,97406.34807744174
C01161,Customer 1161,Mid-Market,North,4362825.961749337,27,48,161586.14673145692
C01162,Customer 1162,Mid-Market,West,3317710.8298367425,26,42,127604.26268602855
C01163,Customer 1163,Mid-Market,Central,3202382.889768944,19,40,168546.46788257602
C01164,Customer 1164,SMB,North,1544544.9173485567,16,21,96534.0573342848
C01165,Customer 1165,Enterprise,North,5553809.648595111,24,63,231408.73535812963
C01166,Customer 1166,Enterprise,Central,7641498.515247797,25,74,305659.94060991186
C01167,Customer 1167,Enterprise,Central,2987948.406044825,13,34,229842.18508037116
C01168,Customer 1168,Mid-Market,West,4110165.1762881535,23,39,178702.83375165885
C01169,Customer 1169,SMB,East,2242429.334625117,18,23,124579.40747917317
C01170,Customer 1170,Mid-Market,North,4211221.531055323,22,48,191419.1605025147
C01171,Customer 1171,SMB,South,2679935.9419651683,11,20,243630.54017865166
C01172,Customer 1172,Mid-Market,East,4626491.322092033,34,66,136073.27417917745
C01173,Customer 1173,Mid-Market,South,5455317.182844337,24,57,227304.88261851404
C01174,Customer 1174,Enterprise,East,3967627.91576686,27,60,146949.18206543926
C01175,Customer 1175,Mid-Market,West,3892552.075817409,23,39,169241.3946007569
C01176,Customer 1176,Mid-Market,East,2835300.8647091733,13,34,218100.06651609024
C01177,Customer 1177,Mid-Market,West,4323989.629802907,25,46,172959.58519211627
C01178,Customer 1178,Mid-Market,South,2865796.5463858526,19,32,150831.39717820278
C01179,Customer 1179,SMB,North,2732633.0812010923,19,25,143822.79374742592
C01180,Customer 1180,SMB,North,1869462.0799151508,18,20,103859.0044397306
C01181,Customer 1181,Mid-Market,East,3310732.989266809,23,44,143944.9125768178
C01182,Customer 1182,Mid-Market,North,4088321.3506820314,22,45,185832.78866736506
C01183,Customer 1183,SMB,North,2013003.0048058566,16,18,125812.68780036604
C01184,Customer 1184,Mid-Market,North,2984893.4563137116,20,30,149244.67281568557
C01185,Customer 1185,SMB,North,2513555.3649220555,25,32,100542.21459688222
C01186,Customer 1186,Mid-Market,Central,3349968.4678632882,24,36,139582.01949430368
C01187,Customer 1187,SMB,South,2210350.0068451287,20,24,110517.50034225643
C01188,Customer 1188,Enterprise,Central,4340748.581979732,18,45,241152.698998874
C01189,Customer 1189,Mid-Market,North,3091590.96161999,18,29,171755.05342333278
C01190,Customer 1190,Mid-Market,West,3752951.5040719826,18,30,208497.3057817768
C01191,Customer 1191,Mid-Market,South,3136520.4648082303,20,30,156826.0232404115
C01192,Customer 1192,SMB,South,2531926.180301072,19,25,133259.27264742483
C01193,Customer 1193,SMB,Central,3271951.0926782438,21,25,155807.19488944017
C01194,Customer 1194,Enterprise,Central,6638007.713528132,27,69,245852.13753807897
C01195,Customer 1195,Mid-Market,Central,2882976.9114806987,16,26,180186.05696754367
C01196,Customer 1196,Mid-Market,North,3889350.122285757,20,38,194467.50611428785
C01197,Customer 1197,Mid-Market,South,2064501.4183521846,14,31,147464.38702515603
C01198,Customer 1198,Mid-Market,West,5074756.13635732,27,55,187953.930976197
C01199,Customer 1199,SMB,South,5100805.052018896,27,43,188918.70563032947
C01200,Customer 1200,SMB,East,2194437.390806603,20,30,109721.86954033014
C01201,Customer 1201,Enterprise,West,5452152.1581327915,18,54,302897.3421184884
C01202,Customer 1202,Mid-Market,West,1971820.3019304632,19,26,103780.01589107701
C01203,Customer 1203,Mid-Market,Central,5726648.366473521,29,75,197470.63332667315
C01204,Customer 1204,Mid-Market,East,3095676.060445169,21,36,147413.14573548423
C01205,Customer 1205,Enterprise,North,5868443.436191189,27,63,217349.75689596997
C01206,Customer 1206,Mid-Market,North,2526848.5292645493,16,31,157928.03307903433
C01207,Customer 1207,Mid-Market,West,5516070.781477207,30,56,183869.02604924023
C01208,Customer 1208,Enterprise,West,5523558.892272595,22,55,251070.8587396634
C01209,Customer 1209,SMB,South,4304143.489876924,27,38,159412.7218472935
C01210,Customer 1210,Mid-Market,South,3885109.2408373286,15,30,259007.28272248857
C01211,Customer 1211,Mid-Market,East,3231045.8039870323,20,36,161552.2901993516
C01212,Customer 1212,Mid-Market,Central,3172514.6427429067,23,40,137935.4192496916
C01213,Customer 1213,SMB,West,3118682.413739703,20,29,155934.12068698514
C01214,Customer 1214,Enterprise,South,5581345.335505358,21,53,265778.34930977895
C01215,Customer 1215,Enterprise,South,8629942.005653573,24,65,359580.9169022322
C01216,Customer 1216,Mid-Market,West,3231518.440251705,22,41,146887.20182962294
C01217,Customer 1217,Mid-Market,South,2221599.8708162783,10,24,222159.98708162783
C01218,Customer 1218,Mid-Market,West,4163830.063567537,18,33,231323.8924204187
C01219,Customer 1219,SMB,East,2689913.0926212734,22,28,122268.77693733061
C01220,Customer 1220,Mid-Market,North,2283672.277179491,18,31,126870.68206552726
C01221,Customer 1221,Enterprise,North,5072667.307675296,17,54,298392.1945691351
C01222,Customer 1222,Mid-Market,North,4215216.844463585,25,43,168608.6737785434
C01223,Customer 1223,SMB,Central,1477504.852304358,14,16,105536.06087888272
C01224,Customer 1224,SMB,West,3577785.378805668,33,50,108417.7387516869
C01225,Customer 1225,SMB,North,3574878.0622401405,21,28,170232.28867810193
C01226,Customer 1226,Mid-Market,Central,2292119.4283018676,16,26,143257.46426886672
C01227,Customer 1227,SMB,West,2361928.6982049276,22,33,107360.39537295126
C01228,Customer 1228,Mid-Market,West,3955646.721273985,15,34,263709.78141826566
C01229,Customer 1229,Mid-Market,Central,3873482.717916815,24,50,161395.11324653396
C01230,Customer 1230,Mid-Market,North,5240232.980547903,25,47,209609.3192219161
C01231,Customer 1231,SMB,North,2074265.0825123172,18,24,115236.94902846207
C01232,Customer 1232,Mid-Market,West,4906661.542653168,18,31,272592.307925176
C01233,Customer 1233,Mid-Market,North,3140722.3907170864,14,34,224337.31362264903
C01234,Customer 1234,Mid-Market,East,3674933.1886156755,15,33,244995.5459077117
C01235,Customer 1235,Mid-Market,North,1621632.0327352541,13,21,124740.92559501955
C01236,Customer 1236,Enterprise,North,3750619.966401918,15,44,250041.3310934612
C01237,Customer 1237,Mid-Market,North,1963346.2919956946,13,22,151026.63784582267
C01238,Customer 1238,SMB,South,3956233.418870316,23,35,172010.14864653547
C01239,Customer 1239,Enterprise,North,3485653.1296923878,20,41,174282.6564846194
C01240,Customer 1240,Mid-Market,North,1656816.8446315236,14,24,118344.06033082311
C01241,Customer 1241,Enterprise,Central,7672195.670240762,31,73,247490.18291099233
C01242,Customer 1242,Enterprise,South,5332353.357905578,16,49,333272.0848690986
C01243,Customer 1243,SMB,South,3315107.8988334695,16,26,207194.24367709184
C01244,Customer 1244,Mid-Market,North,5160779.129251471,22,40,234580.8695114305
C01245,Customer 1245,Mid-Market,South,6742086.91292354,31,66,217486.67461043678
C01246,Customer 1246,Mid-Market,South,3637018.510951198,20,39,181850.92554755992
C01247,Customer 1247,SMB,West,2330683.6946656234,25,31,93227.34778662493
C01248,Customer 1248,Mid-Market,North,4020869.610699901,24,51,167536.23377916255
C01249,Customer 1249,SMB,Central,2042672.7575784,25,33,81706.910303136
C01250,Customer 1250,Mid-Market,Central,2105545.572727406,15,30,140369.70484849374
C01251,Customer 1251,Enterprise,North,7215065.275166458,24,72,300627.71979860245
C01252,Customer 1252,Mid-Market,North,8405928.904503843,24,62,350247.03768766014
C01253,Customer 1253,Enterprise,North,7849822.996504943,27,75,290734.1850557386
C01254,Customer 1254,Mid-Market,West,2173141.8855948015,15,28,144876.1257063201
C01255,Customer 1255,Mid-Market,North,3188401.2066995422,20,36,159420.0603349771
C01256,Customer 1256,SMB,Central,3284430.890854271,20,33,164221.54454271356
C01257,Customer 1257,SMB,East,3592343.4052378987,21,31,171063.97167799517
C01258,Customer 1258,SMB,East,2990772.5019676145,18,31,166154.0278870897
C01259,Customer 1259,Enterprise,West,3933897.98145542,15,38,262259.86543036136
C01260,Customer 1260,SMB,Central,1729937.907792726,17,21,101761.05339957212
C01261,Customer 1261,SMB,North,3567624.8413821533,23,36,155114.1235383545
C01262,Customer 1262,Mid-Market,South,3491151.3754851758,21,38,166245.3035945322
C01263,Customer 1263,Mid-Market,South,3937611.5336956442,21,41,187505.311128364
C01264,Customer 1264,SMB,Central,2510914.582141847,23,28,109170.19922355856
C01265,Customer 1265,Enterprise,West,2161111.299213784,15,39,144074.08661425224
C01266,Customer 1266,Mid-Market,East,2132479.2121684547,18,35,118471.06734269192
C01267,Customer 1267,SMB,North,2858267.530688239,23,34,124272.50133427125
C01268,Customer 1268,Enterprise,Central,5253308.001872006,19,58,276489.89483536873
C01269,Customer 1269,Mid-Market,West,4599001.008038363,19,46,242052.68463359808
C01270,Customer 1270,Mid-Market,West,2082055.9268294205,12,19,173504.66056911836
C01271,Customer 1271,Mid-Market,Central,2134371.1699864115,17,28,125551.24529331832
C01272,Customer 1272,SMB,South,4493619.166501394,23,38,195374.74636962582
C01273,Customer 1273,Enterprise,South,7665643.664313582,23,64,333288.85497015575
C01274,Customer 1274,Mid-Market,West,5249261.042459806,22,46,238602.77465726392
C01275,Customer 1275,SMB,North,1217129.2009889518,16,20,76070.57506180949
C01276,Customer 1276,Enterprise,South,8195595.801845729,25,59,327823.8320738292
C01277,Customer 1277,SMB,North,2520862.4142446127,19,29,132676.9691707691
C01278,Customer 1278,Enterprise,North,5243371.726802733,25,54,209734.86907210932
C01279,Customer 1279,Mid-Market,Central,4269440.673440745,25,54,170777.6269376298
C01280,Customer 1280,Enterprise,West,6554294.576252253,20,50,327714.72881261265
C01281,Customer 1281,Mid-Market,South,3887917.541594154,25,51,155516.70166376617
C01282,Customer 1282,SMB,South,4679410.193303053,30,50,155980.33977676844
C01283,Customer 1283,SMB,South,4249951.272644963,26,38,163459.6643324986
C01284,Customer 1284,SMB,West,2617198.460970385,21,30,124628.49814144691
C01285,Customer 1285,Mid-Market,Central,3923981.4590968764,16,39,245248.84119355478
C01286,Customer 1286,SMB,Central,2869260.247680963,20,27,143463.01238404814
C01287,Customer 1287,Mid-Market,South,3986054.5717272693,22,45,181184.29871487588
C01288,Customer 1288,SMB,South,4098291.2604819103,23,40,178186.57654269176
C01289,Customer 1289,Mid-Market,South,4595529.481972074,18,41,255307.193442893
C01290,Customer 1290,SMB,West,2404139.968524853,24,32,100172.49868853553
C01291,Customer 1291,Mid-Market,West,1588343.0066199861,17,27,93431.94156588154
C01292,Customer 1292,Mid-Market,West,3362788.5860882243,19,43,176988.8729520118
C01293,Customer 1293,SMB,West,1947900.787692417,18,29,108216.71042735649
C01294,Customer 1294,Enterprise,South,4796703.400547692,16,44,299793.9625342307
C01295,Customer 1295,Enterprise,South,4597769.291002339,20,50,229888.46455011694
C01296,Customer 1296,SMB,South,3147325.431744759,24,36,131138.55965603163
C01297,Customer 1297,Mid-Market,North,4101886.4671169645,24,51,170911.93612987353
C01298,Customer 1298,Enterprise,North,6578823.45771345,21,56,313277.3075101643
C01299,Customer 1299,Mid-Market,East,2528903.4221214904,13,27,194531.03247088386
C01300,Customer 1300,Mid-Market,South,4096433.8813881595,22,49,186201.54006309816
C01301,Customer 1301,Mid-Market,North,3178658.709819166,20,37,158932.9354909583
C01302,Customer 1302,SMB,West,3328931.1548963296,22,37,151315.0524952877
C01303,Customer 1303,SMB,East,2771865.2109987563,26,39,106610.20042302909
C01304,Customer 1304,Mid-Market,South,4324595.941634519,24,53,180191.49756810497
C01305,Customer 1305,Mid-Market,Central,3332737.256774827,17,35,196043.36804557804
C01306,Customer 1306,Mid-Market,Central,2891603.426323012,17,39,170094.3191954713
C01307,Customer 1307,SMB,West,2019265.6672125089,15,18,134617.71114750058
C01308,Customer 1308,Enterprise,East,3100086.611497507,18,45,172227.0339720837
C01309,Customer 1309,Enterprise,North,5193372.787750082,19,58,273335.40988158324
C01310,Customer 1310,SMB,Central,2753156.919093204,22,36,125143.49632241837
C01311,Customer 1311,SMB,South,2555470.9339779667,18,28,141970.60744322036
C01312,Customer 1312,Mid-Market,Central,4239616.997211835,23,53,184331.17379181893
C01313,Customer 1313,Mid-Market,West,3311744.5601259125,20,42,165587.22800629563
C01314,Customer 1314,Mid-Market,North,5984056.702799262,32,68,187001.77196247692
C01315,Customer 1315,Mid-Market,North,2718255.9839418507,20,34,135912.79919709254
C01316,Customer 1316,Mid-Market,East,4333218.185890283,25,52,173328.72743561133
C01317,Customer 1317,Enterprise,West,9151711.74006366,29,99,315576.2668987469
C01318,Customer 1318,Mid-Market,North,3829516.6572638964,27,44,141833.9502690332
C01319,Customer 1319,Mid-Market,East,3408819.3053082465,23,46,148209.53501340203
C01320,Customer 1320,Mid-Market,Central,4001968.839381758,23,48,173998.64519051122
C01321,Customer 1321,Enterprise,West,5210114.953376879,20,61,260505.74766884395
C01322,Customer 1322,SMB,West,2843285.7588688256,23,33,123621.11995081851
C01323,Customer 1323,Mid-Market,North,3030252.3846970065,17,26,178250.1402762945
C01324,Customer 1324,SMB,East,2490760.809817453,22,30,113216.40044624786
C01325,Customer 1325,Enterprise,South,6220924.622014378,18,51,345606.9234452432
C01326,Customer 1326,Mid-Market,Central,3365988.2860676153,20,39,168299.41430338076
C01327,Customer 1327,SMB,South,2841682.261856292,17,25,167157.78010919364
C01328,Customer 1328,Mid-Market,West,4833851.919766206,30,54,161128.39732554022
C01329,Customer 1329,Enterprise,South,7891668.359744343,25,64,315666.73438977374
C01330,Customer 1330,Mid-Market,North,3875591.417161815,16,34,242224.46357261343
C01331,Customer 1331,Mid-Market,East,1624476.5215933472,15,30,108298.43477288981
C01332,Customer 1332,Mid-Market,West,3588735.995435054,23,43,156031.99980152407
C01333,Customer 1333,Mid-Market,West,2508182.4419991677,16,30,156761.40262494798
C01334,Customer 1334,Mid-Market,Central,5151216.365323736,33,62,156097.4656158708
C01335,Customer 1335,Mid-Market,Central,6836852.81024404,30,70,227895.09367480132
C01336,Customer 1336,Enterprise,Central,6239984.7367382925,26,63,239999.4129514728
C01337,Customer 1337,Mid-Market,North,4549778.66990115,32,56,142180.58343441095
C01338,Customer 1338,Mid-Market,West,2887664.978599863,18,29,160425.83214443683
C01339,Customer 1339,Enterprise,Central,4977299.39500604,24,66,207387.47479191833
C01340,Customer 1340,Mid-Market,South,4133522.445410218,22,43,187887.38388228265
C01341,Customer 1341,Enterprise,North,7036570.057602745,26,73,270637.30990779784
C01342,Customer 1342,Enterprise,East,4320710.135542304,24,59,180029.58898092934
C01343,Customer 1343,Mid-Market,West,3629250.697741259,26,44,139586.56529774072
C01344,Customer 1344,Enterprise,West,4539574.14075156,23,68,197372.7887283287
C01345,Customer 1345,Mid-Market,Central,2391498.3054322144,19,27,125868.33186485339
C01346,Customer 1346,SMB,West,3237860.586022882,23,28,140776.54721838617
C01347,Customer 1347,SMB,South,2335054.5496933465,19,22,122897.60787859718
C01348,Customer 1348,Enterprise,South,3447474.0460711312,14,40,246248.14614793795
C01349,Customer 1349,Mid-Market,South,4911040.894898319,26,54,188886.18826531994
C01350,Customer 1350,Mid-Market,North,3515854.387077163,18,36,195325.24372650904
C01351,Customer 1351,SMB,East,2906867.8144350233,28,35,103816.70765839369
C01352,Customer 1352,SMB,Central,4759005.397157015,32,54,148718.91866115673
C01353,Customer 1353,Enterprise,South,5970272.253050388,20,54,298513.61265251937
C01354,Customer 1354,Enterprise,South,3470281.698660172,16,42,216892.60616626075
C01355,Customer 1355,Mid-Market,Central,4770725.925126334,28,49,170383.0687545119
C01356,Customer 1356,SMB,North,3604233.3564229556,18,29,200235.18646794197
C01357,Customer 1357,SMB,West,3492484.6965921023,25,35,139699.3878636841
C01358,Customer 1358,Enterprise,West,6744118.235217024,28,81,240861.36554346513
C01359,Customer 1359,Mid-Market,East,1903157.4411284735,16,26,118947.3400705296
C01360,Customer 1360,Enterprise,North,5792165.816514194,21,61,275817.41983400926
C01361,Customer 1361,Mid-Market,East,3062221.1770428023,20,41,153111.05885214012
C01362,Customer 1362,SMB,South,2087359.8863347468,19,23,109861.0466491972
C01363,Customer 1363,Mid-Market,West,1482833.277419059,9,18,164759.2530465621
C01364,Customer 1364,Enterprise,North,4026548.262490428,14,39,287610.5901778877
C01365,Customer 1365,Mid-Market,West,5250923.520366725,26,53,201958.59693718172
C01366,Customer 1366,Mid-Market,West,3749782.5196474306,18,49,208321.2510915239
C01367,Customer 1367,SMB,North,5179217.13423249,30,45,172640.571141083
C01368,Customer 1368,Mid-Market,North,4142590.1049082996,23,48,180112.61325688259
C01369,Customer 1369,SMB,North,2634529.620681033,21,30,125453.79146100157
C01370,Customer 1370,Mid-Market,South,5697451.633021772,20,45,284872.5816510886
C01371,Customer 1371,Enterprise,North,7862790.402751492,29,92,271130.70354315493
C01372,Customer 1372,Mid-Market,Central,5102637.122901423,23,50,221853.78795223578
C01373,Customer 1373,Enterprise,South,6886137.197082433,21,65,327911.2950991635
C01374,Customer 1374,Mid-Market,East,1420189.1873358784,11,18,129108.1079396253
C01375,Customer 1375,Mid-Market,Central,1505113.7243342442,13,23,115777.97879494185
C01376,Customer 1376,Enterprise,North,4871176.123043598,22,55,221417.09650198172
C01377,Customer 1377,Enterprise,West,4359886.122563133,22,52,198176.64193468785
C01378,Customer 1378,Enterprise,Central,2335602.631883555,13,38,179661.7409141196
C01379,Customer 1379,Enterprise,West,2273778.9857088467,15,30,151585.26571392312
C01380,Customer 1380,SMB,South,3460311.6930718105,24,36,144179.6538779921
C01381,Customer 1381,SMB,South,3695697.241099997,23,34,160682.48874347814
C01382,Customer 1382,Enterprise,North,4451264.376841604,19,52,234277.07246534756
C01383,Customer 1383,SMB,West,1501403.3001122002,11,16,136491.2091011091
C01384,Customer 1384,SMB,Central,4459963.558753453,23,37,193911.4590762371
C01385,Customer 1385,SMB,Central,1955992.670516601,20,32,97799.63352583005
C01386,Customer 1386,Mid-Market,North,4849024.992771474,28,48,173179.46402755263
C01387,Customer 1387,Mid-Market,East,3510250.9519778322,19,36,184750.05010409644
C01388,Customer 1388,Mid-Market,South,3828193.085469737,18,33,212677.39363720763
C01389,Customer 1389,SMB,Central,1868820.3428133891,17,23,109930.60840078759
C01390,Customer 1390,SMB,North,1303425.670634055,15,20,86895.044708937
C01391,Customer 1391,Mid-Market,Central,5288307.788713521,23,44,229926.42559624006
C01392,Customer 1392,Mid-Market,Central,3594457.2374438755,29,44,123946.80129116811
C01393,Customer 1393,SMB,North,2601414.2175284727,27,36,96348.67472327677
C01394,Customer 1394,SMB,North,3113578.065100798,20,28,155678.90325503988
C01395,Customer 1395,Mid-Market,Central,2397642.2343923743,19,32,126191.69654696707
C01396,Customer 1396,Mid-Market,North,4381866.350896512,25,50,175274.6540358605
C01397,Customer 1397,Mid-Market,West,5361480.462326943,22,59,243703.65737849742
C01398,Customer 1398,Mid-Market,Central,4235643.397961992,20,40,211782.1698980996
C01399,Customer 1399,Mid-Market,West,2696919.5369657124,18,33,149828.8631647618
C01400,Customer 1400,SMB,South,3746452.858323813,20,34,187322.64291619064
C01401,Customer 1401,SMB,South,3019909.8302334794,20,27,150995.49151167396
C01402,Customer 1402,Mid-Market,North,2827997.7695683492,20,45,141399.88847841747
C01403,Customer 1403,Mid-Market,Central,6297006.301232419,28,55,224893.0821868721
C01404,Customer 1404,Mid-Market,South,2761170.3280137256,14,30,197226.4520009804
C01405,Customer 1405,Enterprise,North,3872235.8724544477,20,47,193611.79362272238
C01406,Customer 1406,Mid-Market,South,3383670.8824841655,23,41,147116.1253253985
C01407,Customer 1407,Enterprise,Central,6169915.901668077,24,63,257079.8292361699
C01408,Customer 1408,Mid-Market,North,2314370.3659241335,18,35,128576.13144022964
C01409,Customer 1409,Enterprise,Central,4264546.102487396,18,49,236919.22791596648
C01410,Customer 1410,Mid-Market,East,3309517.045853054,22,38,150432.59299332064
C01411,Customer 1411,SMB,Central,2524864.06248556,18,28,140270.22569364222
C01412,Customer 1412,Mid-Market,Central,4947522.831491073,27,53,183241.5863515212
C01413,Customer 1413,Mid-Market,Central,3724039.0312233986,26,56,143232.27043166917
C01414,Customer 1414,SMB,Central,1913381.0505642474,19,24,100704.26581917092
C01415,Customer 1415,Mid-Market,North,4052606.4414962833,18,41,225144.80230534906
C01416,Customer 1416,Enterprise,East,7376671.403856185,30,90,245889.04679520617
C01417,Customer 1417,Mid-Market,West,5130274.06311512,18,42,285015.22572861775
C01418,Customer 1418,Mid-Market,West,2257943.027974438,18,29,125441.27933191322
C01419,Customer 1419,Mid-Market,Central,3835775.2050995026,19,47,201882.90553155277
C01420,Customer 1420,Enterprise,Central,3283587.20747747,18,41,182421.5115265261
C01421,Customer 1421,Mid-Market,East,2734723.274455957,16,28,170920.20465349732
C01422,Customer 1422,Mid-Market,West,3152599.3953276724,18,38,175144.41085153737
C01423,Customer 1423,Mid-Market,South,6089330.458604907,25,56,243573.21834419627
C01424,Customer 1424,Mid-Market,South,4789212.569140741,23,42,208226.63344090176
C01425,Customer 1425,Enterprise,South,8281705.969803658,26,78,318527.1526847561
C01426,Customer 1426,Mid-Market,South,4585852.616070224,26,52,176378.9467719317
C01427,Customer 1427,SMB,North,1390153.444467554,17,17,81773.73202750318
C01428,Customer 1428,Mid-Market,North,4125458.2121005864,23,43,179367.7483521994
C01429,Customer 1429,Mid-Market,East,3405522.6596177085,22,44,154796.48452807765
C01430,Customer 1430,Mid-Market,South,3311649.7983897133,19,41,174297.3578099849
C01431,Customer 1431,Mid-Market,Central,4768534.177350853,25,50,190741.3670940341
C01432,Customer 1432,SMB,West,4155893.548320355,28,38,148424.7695828698
C01433,Customer 1433,Mid-Market,North,3153126.2053927225,20,35,157656.31026963613
C01434,Customer 1434,Mid-Market,North,4636051.991261337,26,41,178309.69197158987
C01435,Customer 1435,SMB,North,3420466.736538731,18,31,190025.9298077073
C01436,Customer 1436,SMB,Central,1185071.2571876333,13,23,91159.32747597179
C01437,Customer 1437,Mid-Market,North,3991076.3875632053,25,47,159643.0555025282
C01438,Customer 1438,Enterprise,West,7043189.92094086,29,67,242868.61796347794
C01439,Customer 1439,Enterprise,Central,7426299.857598364,31,77,239558.05992252787
C01440,Customer 1440,Mid-Market,Central,5891873.392446818,21,44,280565.39964032464
C01441,Customer 1441,Enterprise,South,5826280.391436787,20,59,291314.01957183937
C01442,Customer 1442,Mid-Market,North,2712061.284054481,19,30,142740.0675818148
C01443,Customer 1443,SMB,North,2639317.261317698,23,32,114752.9244051173
C01444,Customer 1444,Mid-Market,North,1176118.3252993296,13,22,90470.64040764073
C01445,Customer 1445,Enterprise,North,4632718.2872972945,23,66,201422.53423031716
C01446,Customer 1446,Enterprise,West,5111824.134425188,21,52,243420.1968773899
C01447,Customer 1447,Mid-Market,Central,3991236.9476096192,26,48,153509.11336960073
C01448,Customer 1448,Mid-Market,West,4942664.987865548,25,43,197706.5995146219
C01449,Customer 1449,SMB,West,3625724.4069120535,20,31,181286.22034560266
C01450,Customer 1450,Enterprise,North,9625939.387558207,28,73,343783.5495556503
C01451,Customer 1451,Enterprise,East,4024342.3758958927,22,50,182924.6534498133
C01452,Customer 1452,Mid-Market,West,4457003.214716366,21,45,212238.24831982693
C01453,Customer 1453,Mid-Market,Central,3644210.8094239635,27,50,134970.77071940605
C01454,Customer 1454,Mid-Market,Central,2608657.2342622885,25,38,104346.28937049155
C01455,Customer 1455,SMB,South,3373986.7695189025,20,31,168699.33847594511
C01456,Customer 1456,Mid-Market,North,3743965.4349505203,27,47,138665.3864796489
C01457,Customer 1457,Mid-Market,South,4460245.248618716,26,45,171547.89417764294
C01458,Customer 1458,SMB,South,1984827.7173608649,17,18,116754.57160946264
C01459,Customer 1459,Enterprise,Central,5448997.743969821,24,64,227041.5726654092
C01460,Customer 1460,SMB,South,3348171.3425774537,22,27,152189.60648079336
C01461,Customer 1461,Mid-Market,East,3398500.200352719,18,37,188805.56668626217
C01462,Customer 1462,Mid-Market,West,2869774.7342789704,16,33,179360.92089243565
C01463,Customer 1463,SMB,North,2152794.3227633126,16,24,134549.64517270704
C01464,Customer 1464,Mid-Market,South,3946384.900620774,22,34,179381.1318463988
C01465,Customer 1465,Mid-Market,West,4141670.831378511,19,39,217982.6753357111
C01466,Customer 1466,Mid-Market,East,4570551.472798382,19,41,240555.34067359904
C01467,Customer 1467,Mid-Market,South,6537828.192155383,22,42,297174.0087343356
C01468,Customer 1468,Mid-Market,South,5720717.945584329,26,45,220027.61329170497
C01469,Customer 1469,Enterprise,East,5000212.279367465,25,56,200008.49117469857
C01470,Customer 1470,SMB,North,1423640.3150460648,16,22,88977.51969037905
C01471,Customer 1471,Mid-Market,Central,3905931.012568854,24,48,162747.12552370224
C01472,Customer 1472,Mid-Market,North,5708226.033372922,22,45,259464.81969876916
C01473,Customer 1473,Enterprise,North,6859747.942999063,25,75,274389.91771996254
C01474,Customer 1474,Mid-Market,West,2945695.461894516,21,38,140271.2124711674
C01475,Customer 1475,Enterprise,West,9105685.47582926,24,74,379403.56149288587
C01476,Customer 1476,Enterprise,West,7507629.628260837,30,87,250254.3209420279
C01477,Customer 1477,Mid-Market,South,4999358.850684405,23,37,217363.42829062633
C01478,Customer 1478,Enterprise,Central,6190352.173449065,27,73,229272.30272033572
C01479,Customer 1479,Mid-Market,West,3110273.599960282,17,35,182957.27058589895
C01480,Customer 1480,Mid-Market,West,3825505.4127629865,21,35,182166.92441728507
C01481,Customer 1481,Mid-Market,South,4780766.738285078,20,43,239038.3369142539
C01482,Customer 1482,SMB,North,1920102.2076769613,20,26,96005.11038384806
C01483,Customer 1483,SMB,West,3756917.680760759,29,43,129548.88554347445
C01484,Customer 1484,Mid-Market,South,3928584.326975019,21,46,187075.44414166757
C01485,Customer 1485,SMB,West,1623286.2534905751,19,27,85436.1186047671
C01486,Customer 1486,SMB,North,2563927.4461579723,26,38,98612.59408299894
C01487,Customer 1487,Mid-Market,Central,4555959.147081647,22,39,207089.05214007487
C01488,Customer 1488,SMB,West,2769792.042239202,16,24,173112.00263995014
C01489,Customer 1489,Enterprise,Central,7522624.757049726,25,73,300904.99028198904
C01490,Customer 1490,Mid-Market,West,2263826.3075298597,20,31,113191.31537649299
C01491,Customer 1491,Mid-Market,North,4929174.593705105,20,47,246458.72968525524
C01492,Customer 1492,Enterprise,Central,3229413.2867528466,13,36,248416.4066732959
C01493,Customer 1493,Mid-Market,West,2369011.729824126,18,31,131611.762768007
C01494,Customer 1494,SMB,East,1420898.2534043803,15,22,94726.55022695869
C01495,Customer 1495,Mid-Market,South,2982944.1326916832,16,26,186434.0082932302
C01496,Customer 1496,Enterprise,West,6073068.1057610605,19,56,319635.16346110846
C01497,Customer 1497,Enterprise,Central,4458053.150715032,20,62,222902.65753575158
C01498,Customer 1498,Mid-Market,West,3309049.7185327183,19,37,174160.511501722
C01499,Customer 1499,SMB,South,4409549.898581058,26,36,169598.07302234837
C01500,Customer 1500,SMB,East,3639450.7311059423,27,41,134794.4715224423
C01501,Customer 1501,Mid-Market,East,2656613.7950693136,23,42,115504.94761170929
C01502,Customer 1502,Enterprise,Central,3965568.994919688,20,59,198278.4497459844
C01503,Customer 1503,Enterprise,South,5059200.859775467,19,43,266273.72946186666
C01504,Customer 1504,Mid-Market,South,3688747.2431295835,18,34,204930.40239608797
C01505,Customer 1505,SMB,East,3266921.9873204427,27,37,120997.11064149787
C01506,Customer 1506,SMB,West,3217082.6671808525,21,31,153194.41272289774
C01507,Customer 1507,Mid-Market,East,2158564.598503262,20,37,107928.22992516309
C01508,Customer 1508,Mid-Market,South,4885810.193729507,24,46,203575.42473872946
C01509,Customer 1509,Mid-Market,North,2206232.618825576,17,31,129778.38934268092
C01510,Customer 1510,Mid-Market,East,3250213.423412929,22,44,147736.97379149677
C01511,Customer 1511,Mid-Market,North,4257606.066715859,26,43,163754.0794890715
C01512,Customer 1512,Mid-Market,North,4880865.699849517,20,46,244043.28499247585
C01513,Customer 1513,Mid-Market,West,3344356.0699444697,20,36,167217.80349722347
C01514,Customer 1514,SMB,East,2113999.0796647263,28,35,75499.96713088309
C01515,Customer 1515,Mid-Market,Central,2332476.3246867093,18,43,129582.01803815052
C01516,Customer 1516,Enterprise,South,6172475.3140509,20,49,308623.765702545
C01517,Customer 1517,Mid-Market,North,5877640.53128483,27,62,217690.3900475863
C01518,Customer 1518,Mid-Market,Central,5142292.017463142,23,50,223577.91380274532
C01519,Customer 1519,Mid-Market,North,2760455.896611942,17,37,162379.75862423188
C01520,Customer 1520,Mid-Market,North,4097113.1769060073,19,42,215637.53562663196
C01521,Customer 1521,SMB,South,3646644.789545533,22,33,165756.58134297875
C01522,Customer 1522,Mid-Market,West,4314973.758328416,28,52,154106.2056545863
C01523,Customer 1523,Mid-Market,Central,3106198.4531946783,21,41,147914.21205688943
C01524,Customer 1524,SMB,East,3037612.8715930525,23,34,132070.12485187183
C01525,Customer 1525,Mid-Market,East,3691099.174784541,20,37,184554.95873922706
C01526,Customer 1526,Mid-Market,North,5167077.575049495,22,50,234867.1625022498
C01527,Customer 1527,Enterprise,South,5684853.918032566,20,66,284242.6959016283
C01528,Customer 1528,Mid-Market,West,5226632.301667835,25,58,209065.2920667134
C01529,Customer 1529,SMB,North,1283136.3783138187,11,13,116648.7616648926
C01530,Customer 1530,SMB,South,2156804.6560729016,14,20,154057.4754337787
C01531,Customer 1531,Mid-Market,South,4637256.978175097,31,58,149588.93477984183
C01532,Customer 1532,Mid-Market,North,4692608.196191683,28,50,167593.14986398868
C01533,Customer 1533,Mid-Market,West,2648082.334786137,13,23,203698.64113739517
C01534,Customer 1534,SMB,East,2136972.2594071957,21,28,101760.58378129503
C01535,Customer 1535,Mid-Market,North,3260339.203898865,16,31,203771.20024367905
C01536,Customer 1536,SMB,West,1925693.5447963586,18,21,106982.9747109088
C01537,Customer 1537,Enterprise,East,6225392.46990816,23,63,270669.23782209394
C01538,Customer 1538,Enterprise,East,2717924.957108622,14,27,194137.49693633014
C01539,Customer 1539,Enterprise,East,6687242.578879172,31,94,215717.50254448943
C01540,Customer 1540,Enterprise,South,6432705.198635004,22,56,292395.6908470457
C01541,Customer 1541,SMB,Central,3116455.3818669114,26,38,119863.66853334274
C01542,Customer 1542,Mid-Market,South,5435283.47694577,28,55,194117.2670337775
C01543,Customer 1543,Mid-Market,South,4840994.636853897,23,56,210478.02768929987
C01544,Customer 1544,Mid-Market,North,6380365.360442097,28,55,227870.19144436062
C01545,Customer 1545,Mid-Market,West,3716789.087397662,18,35,206488.28263320343
C01546,Customer 1546,Mid-Market,South,3102264.2721446734,12,29,258522.02267872277
C01547,Customer 1547,Enterprise,South,2988861.962430937,18,40,166047.88680171873
C01548,Customer 1548,Mid-Market,East,3009338.7098895553,22,44,136788.12317679796
C01549,Customer 1549,Enterprise,South,5220836.142002837,25,56,208833.44568011348
C01550,Customer 1550,SMB,South,4188297.1223215885,21,34,199442.72011055183
C01551,Customer 1551,Enterprise,North,3903733.1855263524,13,33,300287.1681174117
C01552,Customer 1552,SMB,South,3541746.7184205684,22,34,160988.48720093493
C01553,Customer 1553,SMB,South,4677601.703499385,29,42,161296.61046549605
C01554,Customer 1554,Enterprise,South,6822767.973736455,23,67,296642.08581462846
C01555,Customer 1555,Enterprise,South,2991871.651425635,19,45,157466.92902240183
C01556,Customer 1556,SMB,East,2733558.6138775605,21,25,130169.45780369335
C01557,Customer 1557,Mid-Market,Central,5143627.155819408,27,67,190504.70947479288
C01558,Customer 1558,Mid-Market,West,2476634.9761169506,17,28,145684.4103598206
C01559,Customer 1559,Enterprise,West,3394490.354544265,17,46,199675.90320848618
C01560,Customer 1560,Mid-Market,Central,2834281.5883859503,24,47,118095.06618274793
C01561,Customer 1561,Mid-Market,Central,3599671.3644038117,25,47,143986.85457615246
C01562,Customer 1562,SMB,West,3437484.433194695,31,38,110886.59461918371
C01563,Customer 1563,Mid-Market,Central,3754047.594215167,24,38,156418.6497589653
C01564,Customer 1564,SMB,Central,1490235.602937189,18,23,82790.86682984383
C01565,Customer 1565,Mid-Market,East,3743520.7236441835,20,44,187176.03618220918
C01566,Customer 1566,Enterprise,West,4509695.140883454,16,48,281855.9463052159
C01567,Customer 1567,Mid-Market,North,6281753.180500585,30,66,209391.7726833528
C01568,Customer 1568,Mid-Market,North,4539362.674769942,22,40,206334.66703499734
C01569,Customer 1569,Mid-Market,West,6954787.489108133,31,63,224347.9835196172
C01570,Customer 1570,Mid-Market,West,3184834.0058997674,22,37,144765.18208635307
C01571,Customer 1571,Mid-Market,South,3478963.9553731983,15,25,231930.93035821323
C01572,Customer 1572,Mid-Market,West,6354224.0885983,22,49,288828.3676635591
C01573,Customer 1573,Mid-Market,West,3694064.739009049,24,51,153919.36412537703
C01574,Customer 1574,Mid-Market,Central,2877656.382781227,18,30,159869.7990434015
C01575,Customer 1575,Mid-Market,North,3378234.63851911,22,34,153556.11993268682
C01576,Customer 1576,Mid-Market,South,6928230.761927506,32,59,216507.21131023456
C01577,Customer 1577,Mid-Market,East,2938615.533619488,25,43,117544.62134477953
C01578,Customer 1578,Mid-Market,Central,1737692.311424598,16,34,108605.76946403738
C01579,Customer 1579,Mid-Market,Central,4983652.632191217,21,38,237316.79200910556
C01580,Customer 1580,Mid-Market,Central,4274346.884853312,22,44,194288.49476605962
C01581,Customer 1581,Enterprise,Central,4830287.851149578,17,49,284134.5794793869
C01582,Customer 1582,Mid-Market,South,2390124.1551686116,12,26,199177.01293071764
C01583,Customer 1583,Mid-Market,South,2936131.7435207693,18,31,163118.43019559828
C01584,Customer 1584,Mid-Market,South,3481087.333753478,13,23,267775.9487502675
C01585,Customer 1585,SMB,West,4907140.64748806,30,41,163571.35491626867
C01586,Customer 1586,SMB,Central,4314584.862073887,29,44,148778.7883473754
C01587,Customer 1587,Enterprise,South,6564456.592703855,22,65,298384.39057744795
C01588,Customer 1588,Mid-Market,West,1575146.69835779,14,22,112510.47845412786
C01589,Customer 1589,Mid-Market,South,2978069.56656744,19,34,156740.50350354947
C01590,Customer 1590,SMB,North,3158679.8354136785,22,33,143576.35615516722
C01591,Customer 1591,Mid-Market,North,2560824.901553306,15,26,170721.66010355373
C01592,Customer 1592,Mid-Market,North,5155280.713179738,28,57,184117.1683278478
C01593,Customer 1593,Mid-Market,Central,3251330.4152567047,17,40,191254.73030921794
C01594,Customer 1594,Mid-Market,South,4461553.718565084,23,44,193980.59645935148
C01595,Customer 1595,Mid-Market,Central,2802101.8928985284,15,33,186806.79285990188
C01596,Customer 1596,Mid-Market,East,3061049.2858399986,19,31,161107.85714947362
C01597,Customer 1597,Mid-Market,North,2970597.5069830273,23,43,129156.41334708815
C01598,Customer 1598,Mid-Market,North,4535100.30716288,22,45,206140.92305285818
C01599,Customer 1599,SMB,East,2495775.6287635216,20,26,124788.78143817608
C01600,Customer 1600,SMB,South,4620314.341082449,28,41,165011.22646723033
C01601,Customer 1601,Mid-Market,Central,2886864.511655403,18,33,160381.3617586335
C01602,Customer 1602,Mid-Market,North,4829870.780722067,24,47,201244.61586341946
C01603,Customer 1603,Enterprise,East,10025572.464741249,31,91,323405.56337874994
C01604,Customer 1604,SMB,East,1830535.3758988692,18,27,101696.4097721594
C01605,Customer 1605,SMB,South,3305503.393524972,29,35,113982.87563879213
C01606,Customer 1606,Mid-Market,South,3712751.925302517,19,37,195407.99606855353
C01607,Customer 1607,SMB,Central,3280142.576051922,22,33,149097.38982054192
C01608,Customer 1608,Enterprise,South,9936883.123771543,33,87,301117.67041731946
C01609,Customer 1609,Mid-Market,South,4658987.757192339,19,33,245209.8819574915
C01610,Customer 1610,Enterprise,South,6277700.494980604,28,70,224203.58910645015
C01611,Customer 1611,Enterprise,South,6172871.8420869345,19,55,324887.991688786
C01612,Customer 1612,Mid-Market,East,4436922.441692807,31,61,143126.53037718733
C01613,Customer 1613,Mid-Market,East,4983647.619007567,23,52,216680.33126119856
C01614,Customer 1614,SMB,South,3954969.3153188783,26,36,152114.20443534147
C01615,Customer 1615,Mid-Market,Central,4076439.193377435,20,42,203821.95966887177
C01616,Customer 1616,SMB,North,3579437.7050537383,24,36,149143.23771057243
C01617,Customer 1617,SMB,North,3876780.9214507486,29,40,133682.100739681
C01618,Customer 1618,Mid-Market,West,3941463.8812459684,24,42,164227.661718582
C01619,Customer 1619,SMB,Central,2613963.162714899,28,39,93355.82723981782
C01620,Customer 1620,Mid-Market,North,1434107.097501251,13,25,110315.9305770193
C01621,Customer 1621,Mid-Market,North,4905146.35136733,31,57,158230.52746346226
C01622,Customer 1622,Enterprise,West,4701424.068056164,24,59,195892.66950234017
C01623,Customer 1623,Mid-Market,East,3757188.6382214786,23,40,163356.02774875992
C01624,Customer 1624,SMB,North,4452646.901919144,27,37,164912.84821922757
C01625,Customer 1625,Mid-Market,South,6741809.542718791,33,66,204297.2588702664
C01626,Customer 1626,Mid-Market,East,1803753.472212628,17,35,106103.14542427224
C01627,Customer 1627,Enterprise,South,9854803.280105514,29,78,339820.80276225915
C01628,Customer 1628,Mid-Market,North,4086440.1051634345,21,37,194592.38596016355
C01629,Customer 1629,SMB,North,4410347.714500952,22,37,200470.35065913416
C01630,Customer 1630,Mid-Market,South,3132305.9249407123,15,32,208820.3949960475
C01631,Customer 1631,SMB,West,3210131.206274562,27,34,118893.74838053934
C01632,Customer 1632,Mid-Market,Central,2194518.9544041962,23,54,95413.86758279114
C01633,Customer 1633,SMB,West,1642719.2916289466,16,26,102669.95572680916
C01634,Customer 1634,Mid-Market,East,3812838.1421451503,27,71,141216.22748685742
C01635,Customer 1635,Mid-Market,Central,6940862.675158043,27,63,257068.98796881642
C01636,Customer 1636,Enterprise,South,3133387.2949025384,18,48,174077.0719390299
C01637,Customer 1637,Mid-Market,South,3659238.6053787787,21,34,174249.45739898947
C01638,Customer 1638,SMB,Central,2196125.0108289286,16,27,137257.81317680803
C01639,Customer 1639,Mid-Market,South,5626413.114313881,21,48,267924.4340149467
C01640,Customer 1640,Enterprise,East,6359042.57756717,20,55,317952.1288783585
C01641,Customer 1641,SMB,East,3682594.6463629245,29,39,126986.02228837671
C01642,Customer 1642,Enterprise,North,3289903.5589041254,15,34,219326.90392694168
C01643,Customer 1643,Mid-Market,West,4479129.32160754,19,40,235743.64850566
C01644,Customer 1644,SMB,North,3405645.1292576184,27,40,126135.00478731921
C01645,Customer 1645,Mid-Market,North,5016279.351228248,22,46,228012.6977831022
C01646,Customer 1646,SMB,West,1604383.615429476,18,24,89132.42307941533
C01647,Customer 1647,Mid-Market,South,7063911.608280782,26,63,271688.9080107993
C01648,Customer 1648,SMB,East,1425586.3181603046,19,22,75030.85885054234
C01649,Customer 1649,Mid-Market,Central,2251879.747244456,21,36,107232.36891640266
C01650,Customer 1650,Mid-Market,East,5782776.53771306,30,62,192759.21792376868
C01651,Customer 1651,Mid-Market,South,3927691.7895464823,20,47,196384.5894773241
C01652,Customer 1652,SMB,South,3555044.8927049553,17,28,209120.28780617384
C01653,Customer 1653,Mid-Market,South,2894230.8304130584,20,35,144711.5415206529
C01654,Customer 1654,SMB,North,2945453.867613241,20,28,147272.69338066207
C01655,Customer 1655,Mid-Market,Central,2173696.027278643,21,40,103509.33463231634
C01656,Customer 1656,Mid-Market,South,2917979.976491773,17,30,171645.8809701043
C01657,Customer 1657,SMB,South,4936721.4090956515,28,46,176311.47889627327
C01658,Customer 1658,Mid-Market,Central,3674153.329501131,23,49,159745.7969348318
C01659,Customer 1659,Mid-Market,South,4182037.0378334275,14,27,298716.93127381627
C01660,Customer 1660,SMB,North,3040962.43222357,25,42,121638.4972889428
C01661,Customer 1661,Enterprise,North,8108503.835082522,23,60,352543.6450035879
C01662,Customer 1662,Enterprise,West,8036685.784082999,25,69,321467.43136332
C01663,Customer 1663,Mid-Market,East,2791547.2929726113,17,35,164208.66429250655
C01664,Customer 1664,Mid-Market,North,5354590.889262843,27,57,198318.181083809
C01665,Customer 1665,Mid-Market,Central,2626232.54371918,18,31,145901.80798439888
C01666,Customer 1666,Enterprise,Central,7637969.054321186,28,91,272784.60908289946
C01667,Customer 1667,Mid-Market,Central,3098155.8329271115,23,43,134702.42751857007
C01668,Customer 1668,Mid-Market,South,3973108.7509236755,28,50,141896.741104417
C01669,Customer 1669,Enterprise,North,5872021.850314255,16,58,367001.36564464093
C01670,Customer 1670,Mid-Market,Central,3129744.3514840435,16,37,195609.02196775272
C01671,Customer 1671,Mid-Market,South,6627759.1002389975,29,69,228543.4172496206
C01672,Customer 1672,Enterprise,West,4108150.7893584124,16,43,256759.42433490077
C01673,Customer 1673,Mid-Market,East,3112641.3365551834,14,27,222331.52403965595
C01674,Customer 1674,SMB,North,2144735.914243906,20,29,107236.7957121953
C01675,Customer 1675,Mid-Market,East,5133634.274400183,29,59,177021.8715310408
C01676,Customer 1676,Mid-Market,Central,3021416.838685344,23,53,131365.94950805843
C01677,Customer 1677,Mid-Market,East,2922828.8241475704,14,32,208773.48743911218
C01678,Customer 1678,Enterprise,South,6575956.178819845,24,66,273998.17411749356
C01679,Customer 1679,SMB,Central,2677676.9089550655,20,29,133883.84544775327
C01680,Customer 1680,SMB,West,2695861.3905767817,20,27,134793.06952883909
C01681,Customer 1681,SMB,East,2310500.4960565777,21,32,110023.83314555131
C01682,Customer 1682,Mid-Market,Central,2213810.0413628635,17,32,130224.12008016845
C01683,Customer 1683,Mid-Market,East,1990067.7608706173,19,32,104740.40846687459
C01684,Customer 1684,Enterprise,South,5872722.743512421,22,63,266941.9428869282
C01685,Customer 1685,Mid-Market,North,2817231.718490726,18,29,156512.87324948478
C01686,Customer 1686,Mid-Market,South,2416801.0697355433,15,24,161120.0713157029
C01687,Customer 1687,Mid-Market,West,5969870.155825449,28,59,213209.64842233746
C01688,Customer 1688,Enterprise,West,8815125.316968981,28,65,314825.9041774636
C01689,Customer 1689,SMB,West,2539994.0996914264,15,30,169332.93997942843
C01690,Customer 1690,Enterprise,South,8600209.138038637,29,90,296558.9357944358
C01691,Customer 1691,Enterprise,East,5419667.891829907,24,65,225819.4954929128
C01692,Customer 1692,SMB,Central,1804992.76391929,22,27,82045.125632695
C01693,Customer 1693,SMB,South,3208215.197855996,23,32,139487.61729808679
C01694,Customer 1694,Mid-Market,East,3348305.9888228946,19,30,176226.63099067868
C01695,Customer 1695,Mid-Market,East,2933855.471264564,15,30,195590.36475097094
C01696,Customer 1696,Mid-Market,West,3821042.2730467943,19,43,201107.48805509444
C01697,Customer 1697,Enterprise,North,8574685.58910264,25,77,342987.42356410564
C01698,Customer 1698,Mid-Market,East,1924715.8210939264,18,35,106928.65672744036
C01699,Customer 1699,Mid-Market,Central,2729499.390379627,21,41,129976.1614466489
C01700,Customer 1700,Mid-Market,East,3294701.9340784866,25,46,131788.07736313945
C01701,Customer 1701,Enterprise,Central,4364625.250647682,19,50,229717.11845514114
C01702,Customer 1702,Mid-Market,Central,3846097.065759699,20,42,192304.85328798494
C01703,Customer 1703,SMB,South,2488017.631629104,18,26,138223.20175717244
C01704,Customer 1704,Enterprise,West,4897678.0274674,22,55,222621.72852124544
C01705,Customer 1705,Enterprise,West,3841561.2442992916,19,49,202187.43391048902
C01706,Customer 1706,Mid-Market,Central,4750374.274127508,21,38,226208.29876797655
C01707,Customer 1707,SMB,North,2357821.421295764,20,28,117891.0710647882
C01708,Customer 1708,Mid-Market,South,2399559.636851545,18,29,133308.86871397472
C01709,Customer 1709,SMB,Central,1909273.8986910984,18,25,106070.77214950547
C01710,Customer 1710,Mid-Market,South,3804658.688960436,22,38,172939.03131638345
C01711,Customer 1711,Mid-Market,East,3083957.982570449,21,42,146855.14202716423
C01712,Customer 1712,Mid-Market,South,4282452.456792642,17,39,251908.96804662602
C01713,Customer 1713,Enterprise,Central,5851081.59549218,24,63,243795.06647884086
C01714,Customer 1714,SMB,Central,1430687.7837285718,20,27,71534.3891864286
C01715,Customer 1715,Enterprise,South,7140400.676909269,23,66,310452.20334388124
C01716,Customer 1716,Mid-Market,East,5680221.037307255,29,60,195869.6909416295
C01717,Customer 1717,Mid-Market,South,4093156.5861608023,23,39,177963.32983307837
C01718,Customer 1718,Mid-Market,West,2663543.2674667677,19,41,140186.48776140882
C01719,Customer 1719,Mid-Market,West,3869170.770330026,27,44,143302.62112333428
C01720,Customer 1720,Mid-Market,Central,3729851.7366601587,23,40,162167.46681131126
C01721,Customer 1721,SMB,North,3094220.178482491,21,28,147343.81802297576
C01722,Customer 1722,SMB,South,2318207.7834595684,19,26,122010.93597155623
C01723,Customer 1723,SMB,East,3139912.0680976133,26,37,120765.84877298513
C01724,Customer 1724,Mid-Market,West,5607862.944387885,27,58,207698.62756992166
C01725,Customer 1725,Mid-Market,West,6045948.451876645,30,62,201531.61506255483
C01726,Customer 1726,Mid-Market,North,2894542.0001028706,17,38,170267.17647663946
C01727,Customer 1727,Mid-Market,South,5624095.70748953,29,61,193934.33474101828
C01728,Customer 1728,Mid-Market,Central,2320284.888709774,28,41,82867.31745392049
C01729,Customer 1729,Mid-Market,North,3048777.5283938334,19,35,160461.97517862282
C01730,Customer 1730,Enterprise,South,8213829.093328574,22,73,373355.86787857156
C01731,Customer 1731,Enterprise,Central,4498396.533301008,18,49,249910.91851672265
C01732,Customer 1732,SMB,North,3912970.2462000893,24,36,163040.42692500373
C01733,Customer 1733,Enterprise,East,4328866.071916812,19,55,227835.0564166743
C01734,Customer 1734,Mid-Market,South,5882441.248653333,22,48,267383.693120606
C01735,Customer 1735,Mid-Market,Central,2494322.865453647,17,34,146724.87443844983
C01736,Customer 1736,Enterprise,East,6720152.430307896,21,63,320007.2585860903
C01737,Customer 1737,SMB,Central,2935076.962158844,26,40,112887.57546764784
C01738,Customer 1738,Enterprise,North,5036666.537598698,22,55,228939.3880726681
C01739,Customer 1739,SMB,West,2633765.382167161,22,31,119716.6082803255
C01740,Customer 1740,SMB,East,2602254.614623648,20,27,130112.73073118241
C01741,Customer 1741,Mid-Market,South,5582411.581584227,32,59,174450.3619245071
C01742,Customer 1742,Enterprise,South,5475238.310969731,21,58,260725.63385570148
C01743,Customer 1743,Mid-Market,North,2946429.7489015944,14,25,210459.26777868532
C01744,Customer 1744,Mid-Market,Central,3820269.6522357347,24,49,159177.90217648895
C01745,Customer 1745,Mid-Market,East,4338638.952020974,26,52,166870.7289238836
C01746,Customer 1746,SMB,West,3160429.255963084,30,37,105347.64186543613
C01747,Customer 1747,Mid-Market,East,5741304.401393564,24,49,239221.01672473186
C01748,Customer 1748,SMB,West,3120413.625712938,26,37,120015.90868126685
C01749,Customer 1749,Enterprise,West,4575232.125443191,22,60,207965.09661105415
C01750,Customer 1750,SMB,South,2045016.284184767,19,25,107632.43600972458
C01751,Customer 1751,Mid-Market,West,1582944.8449465951,15,27,105529.656329773
C01752,Customer 1752,Mid-Market,North,4330798.571614719,25,51,173231.94286458875
C01753,Customer 1753,Mid-Market,Central,5341070.2899020715,22,42,242775.922268276
C01754,Customer 1754,Enterprise,East,5589589.74076567,25,63,223583.5896306268
C01755,Customer 1755,SMB,South,2557494.371988174,19,30,134604.966946746
C01756,Customer 1756,Mid-Market,West,1781698.2402001086,18,33,98983.2355666727
C01757,Customer 1757,Mid-Market,North,2964981.6041204766,23,44,128912.24365741202
C01758,Customer 1758,Mid-Market,Central,3942043.542805941,21,41,187716.35918123528
C01759,Customer 1759,Mid-Market,Central,3605509.3485429366,23,42,156761.27602360593
C01760,Customer 1760,Enterprise,Central,3777203.998637853,21,43,179866.85707799302
C01761,Customer 1761,Enterprise,South,5698578.260941995,21,64,271360.86956866644
C01762,Customer 1762,Enterprise,North,4516688.551833527,23,59,196377.76312319684
C01763,Customer 1763,Mid-Market,North,4082085.6787746646,22,38,185549.34903521204
C01764,Customer 1764,Enterprise,North,4398980.687310005,27,53,162925.21064111128
C01765,Customer 1765,SMB,North,2830197.4595033,19,22,148957.76102648946
C01766,Customer 1766,Mid-Market,North,3960418.5896168924,23,43,172192.1125920388
C01767,Customer 1767,Mid-Market,Central,4494314.545984169,26,52,172858.25176862188
C01768,Customer 1768,Mid-Market,North,4492878.569926146,27,47,166402.90999726468
C01769,Customer 1769,Mid-Market,North,3505295.6500259885,22,46,159331.62045572675
C01770,Customer 1770,Mid-Market,Central,3566921.386870779,19,43,187732.70457214626
C01771,Customer 1771,Mid-Market,West,2954224.729647139,15,33,196948.31530980926
C01772,Customer 1772,Mid-Market,East,5011635.945659513,26,53,192755.228679212
C01773,Customer 1773,Mid-Market,West,3288267.948692828,21,32,156584.1880329918
C01774,Customer 1774,Mid-Market,Central,3496896.107358976,20,46,174844.80536794878
C01775,Customer 1775,SMB,West,3376281.7729488327,21,33,160775.322521373
C01776,Customer 1776,Mid-Market,West,3432834.476939761,23,42,149253.6729104244
C01777,Customer 1777,Mid-Market,East,4443823.780950308,20,44,222191.1890475154
C01778,Customer 1778,Enterprise,South,4059510.5790828546,17,36,238794.73994605028
C01779,Customer 1779,Mid-Market,South,5334007.696462123,28,55,190500.27487364723
C01780,Customer 1780,SMB,West,3455282.2162531973,21,31,164537.2483930094
C01781,Customer 1781,Enterprise,North,6197168.719052754,28,71,221327.45425188408
C01782,Customer 1782,Mid-Market,East,3207931.4029324013,22,52,145815.0637696546
C01783,Customer 1783,Mid-Market,South,4136188.761090083,24,49,172341.19837875347
C01784,Customer 1784,Enterprise,North,6086277.515848379,24,64,253594.89649368243
C01785,Customer 1785,SMB,South,3666588.125207937,25,32,146663.52500831746
C01786,Customer 1786,Mid-Market,Central,3812674.3814625638,22,44,173303.38097557108
C01787,Customer 1787,SMB,South,3475884.2615740653,24,30,144828.5108989194
C01788,Customer 1788,Mid-Market,East,5229958.933414386,28,58,186784.24762194234
C01789,Customer 1789,SMB,Central,1915330.1754460444,10,18,191533.01754460443
C01790,Customer 1790,Mid-Market,North,4798458.232918434,22,49,218111.7378599288
C01791,Customer 1791,Mid-Market,East,4720795.689683423,25,51,188831.82758733694
C01792,Customer 1792,SMB,South,3388200.682443887,14,28,242014.33446027763
C01793,Customer 1793,Mid-Market,North,3906697.206821533,17,32,229805.71804832548
C01794,Customer 1794,Mid-Market,East,4631593.838716392,20,43,231579.69193581963
C01795,Customer 1795,SMB,Central,2669540.934506389,19,29,140502.15444770467
C01796,Customer 1796,Mid-Market,South,5301288.073391588,29,61,182803.03701350305
C01797,Customer 1797,Mid-Market,West,3089151.1710516773,21,45,147102.43671674654
C01798,Customer 1798,Mid-Market,South,2574995.342873134,16,32,160937.2089295709
C01799,Customer 1799,SMB,West,1514043.2231648294,15,19,100936.2148776553
C01800,Customer 1800,SMB,West,1226854.9500443272,16,21,76678.43437777045
C01801,Customer 1801,Mid-Market,West,2371040.896748651,19,37,124791.62614466583
C01802,Customer 1802,Mid-Market,West,2608097.346096812,17,24,153417.4909468713
C01803,Customer 1803,Enterprise,North,6897025.214721405,25,79,275881.0085888562
C01804,Customer 1804,Mid-Market,East,1955067.8154537664,15,31,130337.85436358443
C01805,Customer 1805,SMB,East,2742567.834004224,25,35,109702.71336016896
C01806,Customer 1806,Mid-Market,East,2006795.1190364931,14,26,143342.50850260665
C01807,Customer 1807,Enterprise,North,5221082.657822893,18,53,290060.1476568274
C01808,Customer 1808,Mid-Market,South,6095344.340960425,28,58,217690.8693200152
C01809,Customer 1809,Mid-Market,South,2984638.259309675,17,36,175566.9564299809
C01810,Customer 1810,SMB,North,2069708.1744556823,16,20,129356.76090348014
C01811,Customer 1811,Enterprise,South,4498452.171313569,21,65,214212.008157789
C01812,Customer 1812,Mid-Market,South,5939458.901235887,22,50,269975.4046016312
C01813,Customer 1813,SMB,East,1567651.522861581,13,20,120588.57868166009
C01814,Customer 1814,SMB,South,2731027.4771854556,26,35,105039.51835328675
C01815,Customer 1815,Enterprise,Central,4850492.175445693,20,55,242524.60877228464
C01816,Customer 1816,SMB,West,4009117.1165161435,28,46,143182.75416129085
C01817,Customer 1817,Mid-Market,East,1087747.777166142,13,22,83672.90593585707
C01818,Customer 1818,SMB,West,2842991.4692920656,21,27,135380.54615676502
C01819,Customer 1819,Enterprise,West,5538803.28952407,27,78,205140.86257496555
C01820,Customer 1820,Mid-Market,West,1453330.177427751,20,28,72666.50887138754
C01821,Customer 1821,Mid-Market,Central,5880114.525876272,26,68,226158.25099524122
C01822,Customer 1822,Mid-Market,West,4333525.355027499,24,47,180563.55645947912
C01823,Customer 1823,Mid-Market,West,2814467.0649845838,21,38,134022.24118974208
C01824,Customer 1824,Mid-Market,West,2671054.1660985714,17,39,157120.83329991598
C01825,Customer 1825,Mid-Market,East,4193314.918724516,22,45,190605.2235783871
C01826,Customer 1826,Enterprise,North,6254626.581320789,22,51,284301.20824185404
C01827,Customer 1827,Mid-Market,West,3448035.9189178823,15,28,229869.06126119214
C01828,Customer 1828,Enterprise,West,4746113.1240021195,18,48,263672.9513334511
C01829,Customer 1829,SMB,Central,3920672.891039059,22,39,178212.40413813904
C01830,Customer 1830,SMB,West,3518709.2559902743,21,35,167557.5836185845
C01831,Customer 1831,Mid-Market,West,3779842.6814600164,22,36,171811.0309754553
C01832,Customer 1832,Enterprise,Central,5329943.702066064,23,78,231736.68269852453
C01833,Customer 1833,Enterprise,South,8039033.249615152,22,64,365410.6022552342
C01834,Customer 1834,Mid-Market,North,3937671.8150272854,19,45,207245.88500143608
C01835,Customer 1835,SMB,North,2997843.8608932295,21,31,142754.46956634425
C01836,Customer 1836,Mid-Market,North,2234665.112314516,17,36,131450.88895967742
C01837,Customer 1837,Enterprise,North,4397382.744252198,22,50,199881.03382964537
C01838,Customer 1838,Enterprise,South,9376040.379499996,24,70,390668.34914583317
C01839,Customer 1839,Mid-Market,East,5747272.535966588,23,48,249881.41460724297
C01840,Customer 1840,SMB,East,1134764.7925890877,10,11,113476.47925890877
C01841,Customer 1841,Mid-Market,North,6131178.095598895,27,57,227080.6702073665
C01842,Customer 1842,Mid-Market,West,2268249.899892404,22,37,103102.26817692746
C01843,Customer 1843,Mid-Market,North,6591158.781579232,28,66,235398.527913544
C01844,Customer 1844,SMB,Central,2749309.4395996328,22,34,124968.61089089239
C01845,Customer 1845,Mid-Market,North,5379199.752149528,22,42,244509.07964316037
C01846,Customer 1846,SMB,West,1594704.8070102734,14,16,113907.48621501953
C01847,Customer 1847,SMB,South,3412564.8977897256,25,32,136502.59591158901
C01848,Customer 1848,Mid-Market,West,3207021.3298701295,22,42,145773.69681227862
C01849,Customer 1849,SMB,South,2740060.0264142053,14,22,195718.57331530037
C01850,Customer 1850,Mid-Market,East,3610441.916549146,20,35,180522.09582745732
C01851,Customer 1851,Mid-Market,South,4698214.871567074,25,47,187928.59486268298
C01852,Customer 1852,Enterprise,Central,4251421.76479101,19,53,223759.04025215842
C01853,Customer 1853,Mid-Market,West,2124457.747578867,15,26,141630.51650525778
C01854,Customer 1854,Enterprise,East,5459433.110969238,22,52,248156.05049860172
C01855,Customer 1855,Enterprise,Central,5708700.881009726,25,63,228348.03524038903
C01856,Customer 1856,Enterprise,Central,3870502.6334151286,18,53,215027.92407861826
C01857,Customer 1857,Mid-Market,South,3197321.9353702236,26,50,122973.92059116244
C01858,Customer 1858,Mid-Market,South,7514629.198814247,33,62,227716.03632770444
C01859,Customer 1859,Mid-Market,South,4771488.108174393,27,44,176721.78178423678
C01860,Customer 1860,Mid-Market,South,3837212.2590931593,20,37,191860.61295465796
C01861,Customer 1861,SMB,West,3931994.45251989,24,37,163833.10218832875
C01862,Customer 1862,SMB,Central,2198232.8533512913,18,24,122124.04740840507
C01863,Customer 1863,Enterprise,Central,4335442.596291531,18,43,240857.92201619616
C01864,Customer 1864,Mid-Market,West,2808046.903243387,25,39,112321.87612973548
C01865,Customer 1865,Mid-Market,West,3092761.768646241,21,31,147274.3699355353
C01866,Customer 1866,SMB,Central,2733843.1144797853,23,37,118862.74410781675
C01867,Customer 1867,Mid-Market,Central,2556243.9041418554,16,24,159765.24400886596
C01868,Customer 1868,SMB,North,3762043.0031395652,24,43,156751.79179748188
C01869,Customer 1869,Enterprise,West,4745357.165828862,17,46,279138.6568134625
C01870,Customer 1870,Mid-Market,Central,3979658.4896401404,23,42,173028.62998435393
C01871,Customer 1871,SMB,South,6263564.046420856,32,53,195736.37645065176
C01872,Customer 1872,Mid-Market,South,5126185.791199724,20,46,256309.2895599862
C01873,Customer 1873,SMB,Central,2685658.283060517,25,35,107426.33132242068
C01874,Customer 1874,Enterprise,Central,5914645.40516323,24,63,246443.55854846793
C01875,Customer 1875,Enterprise,Central,3343361.8138813036,19,49,175966.4112569107
C01876,Customer 1876,Enterprise,East,6609033.136230985,23,80,287349.2667926515
C01877,Customer 1877,Enterprise,South,6252655.055074897,20,53,312632.75275374483
C01878,Customer 1878,Enterprise,South,2382944.9303968544,17,39,140173.23119981497
C01879,Customer 1879,Mid-Market,West,2941797.6794473496,23,45,127904.24693249346
C01880,Customer 1880,Mid-Market,West,3574467.4324058634,18,41,198581.52402254796
C01881,Customer 1881,Mid-Market,West,3413082.3502654554,23,46,148394.88479415025
C01882,Customer 1882,Mid-Market,West,2589955.609288779,15,34,172663.70728591862
C01883,Customer 1883,Enterprise,South,2893869.9863194237,15,30,192924.66575462825
C01884,Customer 1884,Mid-Market,East,3922679.9398024986,22,46,178303.6336273863
C01885,Customer 1885,Enterprise,South,5239764.21793897,16,45,327485.2636211856
C01886,Customer 1886,SMB,South,3356542.987603057,23,38,145936.65163491553
C01887,Customer 1887,Enterprise,North,2475965.8341289577,12,33,206330.48617741314
C01888,Customer 1888,Mid-Market,North,4770404.506192053,21,52,227162.1193424787
C01889,Customer 1889,SMB,Central,3325237.0989620746,26,48,127893.7345754644
C01890,Customer 1890,Mid-Market,South,3789205.104224276,18,34,210511.39467912645
C01891,Customer 1891,Mid-Market,South,3281525.5722444775,22,37,149160.25328383988
C01892,Customer 1892,Mid-Market,East,4733411.085626142,23,40,205800.4819837453
C01893,Customer 1893,Enterprise,West,4934181.855703699,27,69,182747.47613717406
C01894,Customer 1894,Mid-Market,North,4852431.757821053,25,46,194097.27031284213
C01895,Customer 1895,SMB,South,3377591.10167984,26,31,129907.35006460923
C01896,Customer 1896,SMB,North,4236901.427946834,23,32,184213.1055629058
C01897,Customer 1897,Mid-Market,West,2098810.9046822013,17,35,123459.46498130597
C01898,Customer 1898,Mid-Market,South,4659651.105104948,27,51,172579.67055944254
C01899,Customer 1899,SMB,North,1485378.9641667663,12,20,123781.58034723053
C01900,Customer 1900,Mid-Market,North,4740585.336135971,22,44,215481.15164254417
C01901,Customer 1901,Mid-Market,West,3120507.2464180347,24,52,130021.13526741811
C01902,Customer 1902,Enterprise,North,6439661.601053522,21,59,306650.5524311201
C01903,Customer 1903,Enterprise,Central,3380886.50290921,17,36,198875.67664171825
C01904,Customer 1904,Mid-Market,North,2848144.908303425,21,32,135625.9480144488
C01905,Customer 1905,Enterprise,West,5232892.717758832,24,54,218037.19657328466
C01906,Customer 1906,Enterprise,South,8269128.206690457,26,73,318043.39256501757
C01907,Customer 1907,Enterprise,South,5951824.7308467245,20,54,297591.23654233624
C01908,Customer 1908,SMB,North,3979048.454070022,24,35,165793.6855862509
C01909,Customer 1909,Enterprise,East,4360556.307089996,23,56,189589.40465608676
C01910,Customer 1910,Enterprise,Central,4201863.975984857,21,54,200088.7607611837
C01911,Customer 1911,Mid-Market,North,2762413.302828857,16,28,172650.83142680358
C01912,Customer 1912,Mid-Market,North,3731758.384883708,18,39,207319.91027131712
C01913,Customer 1913,SMB,Central,3570624.4623110034,23,35,155244.54183960884
C01914,Customer 1914,SMB,West,3213720.9333709087,23,35,139726.99710308298
C01915,Customer 1915,Mid-Market,North,5144373.6838396145,32,60,160761.67761998795
C01916,Customer 1916,Mid-Market,North,3773692.745489436,21,43,179699.65454711602
C01917,Customer 1917,Mid-Market,West,5527997.417513074,23,46,240347.71380491627
C01918,Customer 1918,Enterprise,East,6058558.911994015,26,65,233021.4966151544
C01919,Customer 1919,Mid-Market,West,2695994.35620989,21,36,128380.68362904238
C01920,Customer 1920,Enterprise,Central,1804876.0697284488,12,33,150406.3391440374
C01921,Customer 1921,Enterprise,West,5401681.871318219,18,48,300093.43729545665
C01922,Customer 1922,Mid-Market,South,2941701.119462903,16,30,183856.31996643145
C01923,Customer 1923,Enterprise,West,3381557.260325253,20,43,169077.86301626265
C01924,Customer 1924,Enterprise,South,5033800.3767565,22,43,228809.1080343864
C01925,Customer 1925,Mid-Market,South,4431033.4728338355,22,43,201410.61240153798
C01926,Customer 1926,Mid-Market,North,4023845.082843494,25,38,160953.80331373977
C01927,Customer 1927,Enterprise,South,4135078.364283584,19,47,217635.70338334652
C01928,Customer 1928,Enterprise,East,4650520.6868210565,26,66,178866.18026234832
C01929,Customer 1929,Enterprise,North,5448338.789679449,20,54,272416.93948397244
C01930,Customer 1930,Mid-Market,South,2288442.7643186306,18,29,127135.70912881281
C01931,Customer 1931,SMB,West,3106337.837029777,20,31,155316.89185148885
C01932,Customer 1932,SMB,West,3185075.379397876,23,38,138481.53823469026
C01933,Customer 1933,Mid-Market,East,4747251.292263542,22,47,215784.14964834283
C01934,Customer 1934,Mid-Market,East,3146332.382924978,21,45,149825.3515678561
C01935,Customer 1935,SMB,East,2906776.9591877777,17,26,170986.87995222223
C01936,Customer 1936,Mid-Market,North,7065332.176942162,31,67,227913.94119168265
C01937,Customer 1937,Enterprise,West,4287887.402634138,25,67,171515.49610536554
C01938,Customer 1938,Enterprise,West,5900531.151075265,23,65,256544.8326554463
C01939,Customer 1939,Mid-Market,South,4010766.876673782,19,37,211092.9935091464
C01940,Customer 1940,Mid-Market,North,4509817.960082655,22,45,204991.7254583025
C01941,Customer 1941,Enterprise,South,10764540.351778647,31,85,347243.2371541499
C01942,Customer 1942,Mid-Market,South,4469585.404723057,25,47,178783.41618892227
C01943,Customer 1943,Mid-Market,South,1794380.0642560308,19,38,94441.0560134753
C01944,Customer 1944,Mid-Market,North,5995419.865165201,26,49,230593.07173712313
C01945,Customer 1945,Mid-Market,Central,1949539.4993773047,12,22,162461.6249481087
C01946,Customer 1946,Mid-Market,Central,4139756.3091488276,27,51,153324.30774625286
C01947,Customer 1947,Mid-Market,North,3056338.910668296,17,33,179784.6418040174
C01948,Customer 1948,Enterprise,Central,5446248.107799901,24,64,226927.00449166252
C01949,Customer 1949,Enterprise,North,7183897.83111358,21,64,342090.37291017047
C01950,Customer 1950,SMB,Central,2885433.2426146865,22,34,131156.05648248576
C01951,Customer 1951,Mid-Market,Central,2975950.1819941555,22,41,135270.46281791615
C01952,Customer 1952,Enterprise,North,5991653.881771675,24,55,249652.2450738198
C01953,Customer 1953,Mid-Market,East,3237180.000898064,21,43,154151.42861419352
C01954,Customer 1954,SMB,Central,1929894.2076727876,16,26,120618.38797954922
C01955,Customer 1955,SMB,Central,3100229.363601672,20,30,155011.4681800836
C01956,Customer 1956,SMB,Central,3698806.8802825413,25,37,147952.27521130166
C01957,Customer 1957,Mid-Market,West,3956273.6717895293,21,40,188393.98437092997
C01958,Customer 1958,Mid-Market,North,2485901.4098743503,13,30,191223.18537495003
C01959,Customer 1959,Mid-Market,Central,4281637.564919182,27,47,158579.16907108083
C01960,Customer 1960,Enterprise,West,2644818.1835025907,14,36,188915.58453589934
C01961,Customer 1961,Mid-Market,West,5066067.007817109,18,40,281448.1671009505
C01962,Customer 1962,Mid-Market,South,7612951.251573452,21,49,362521.48817016435
C01963,Customer 1963,Enterprise,West,6566985.865369403,24,64,273624.41105705843
C01964,Customer 1964,SMB,North,3565787.3622539975,21,31,169799.39820257132
C01965,Customer 1965,Mid-Market,East,4183534.5575627577,27,60,154945.7243541762
C01966,Customer 1966,Enterprise,North,4187405.2154474654,16,42,261712.8259654666
C01967,Customer 1967,Mid-Market,East,5364139.765092601,25,49,214565.59060370404
C01968,Customer 1968,SMB,Central,3410312.0006019124,20,27,170515.6000300956
C01969,Customer 1969,SMB,West,3625527.959704738,20,26,181276.3979852369
C01970,Customer 1970,Mid-Market,West,5584564.575089146,24,57,232690.19062871442
C01971,Customer 1971,SMB,South,2512020.6535931784,18,25,139556.7029773988
C01972,Customer 1972,SMB,Central,4310046.407989502,31,40,139033.75509643555
C01973,Customer 1973,SMB,East,2161063.466437754,24,35,90044.3111015731
C01974,Customer 1974,SMB,South,3746979.445013215,28,33,133820.69446475766
C01975,Customer 1975,Mid-Market,North,3660633.7094300096,16,31,228789.6068393756
C01976,Customer 1976,SMB,North,1559069.582820125,15,20,103937.97218800832
C01977,Customer 1977,Mid-Market,West,6913808.699152556,28,67,246921.73925544842
C01978,Customer 1978,SMB,Central,2329493.6300202026,22,26,105886.0740918274
C01979,Customer 1979,Enterprise,East,3764380.759155961,15,42,250958.71727706408
C01980,Customer 1980,SMB,North,2859063.3497863705,20,40,142953.16748931853
C01981,Customer 1981,SMB,Central,2116744.769586965,16,23,132296.5480991853
C01982,Customer 1982,Mid-Market,South,3300341.1405743877,22,35,150015.5063897449
C01983,Customer 1983,SMB,Central,3092296.5934002083,29,37,106630.91701380028
C01984,Customer 1984,Mid-Market,South,2528548.041727958,17,29,148738.12010164457
C01985,Customer 1985,Enterprise,West,6900678.003934953,30,81,230022.60013116512
C01986,Customer 1986,Enterprise,Central,4318960.758622877,25,55,172758.4303449151
C01987,Customer 1987,SMB,South,3011008.724489029,19,29,158474.14339415942
C01988,Customer 1988,Mid-Market,East,4813369.534671933,25,43,192534.78138687732
C01989,Customer 1989,Mid-Market,Central,3280664.9899709336,18,40,182259.16610949632
C01990,Customer 1990,Mid-Market,North,4957690.693486565,25,50,198307.6277394626
C01991,Customer 1991,Mid-Market,North,1960969.0254301077,10,20,196096.90254301077
C01992,Customer 1992,Mid-Market,East,4660345.520893551,28,55,166440.91146048397
C01993,Customer 1993,SMB,South,2974488.686475472,22,35,135204.03120343055
C01994,Customer 1994,Mid-Market,North,4617259.728236338,27,52,171009.6195643088
C01995,Customer 1995,SMB,West,2476277.3801593464,20,25,123813.86900796733
C01996,Customer 1996,Mid-Market,East,4620945.984610087,22,44,210042.9993004585
C01997,Customer 1997,SMB,South,3116690.686312827,19,33,164036.3519112014
C01998,Customer 1998,Mid-Market,South,3464841.8137489264,31,38,111769.0907660944
C01999,Customer 1999,Mid-Market,Central,2875362.817596904,19,33,151334.88513667916
C02000,Customer 2000,Enterprise,West,4314274.010932394,17,49,253780.82417249377
C02001,Customer 2001,Mid-Market,Central,2694920.089201454,25,46,107796.80356805817
C02002,Customer 2002,Mid-Market,South,5562667.340600147,21,44,264888.9209809594
C02003,Customer 2003,SMB,Central,1296933.608996491,16,18,81058.35056228068
C02004,Customer 2004,Mid-Market,West,6029087.777051805,19,40,317320.40931851603
C02005,Customer 2005,Enterprise,North,4876108.880431275,19,43,256637.3094963829
C02006,Customer 2006,Mid-Market,Central,3674742.5056456127,25,53,146989.70022582452
C02007,Customer 2007,SMB,West,3082992.948033436,19,28,162262.7867386019
C02008,Customer 2008,Mid-Market,North,4168652.626291164,23,42,181245.7663604854
C02009,Customer 2009,Enterprise,North,2840666.131043888,15,34,189377.74206959255
C02010,Customer 2010,Mid-Market,East,4272152.476240441,22,42,194188.74892002007
C02011,Customer 2011,Mid-Market,North,2909961.023695148,20,33,145498.0511847574
C02012,Customer 2012,Mid-Market,South,4295654.509805383,29,57,148126.01757949597
C02013,Customer 2013,Mid-Market,North,2189968.5042507295,17,32,128821.67672063115
C02014,Customer 2014,Mid-Market,South,2949443.118889175,16,34,184340.19493057343
C02015,Customer 2015,Mid-Market,South,4087330.569142498,18,33,227073.92050791657
C02016,Customer 2016,Mid-Market,West,3161309.6578057627,19,36,166384.71883188226
C02017,Customer 2017,Enterprise,South,3937013.2719531367,18,42,218722.95955295203
C02018,Customer 2018,SMB,North,4566623.964213849,22,35,207573.81655517497
C02019,Customer 2019,Mid-Market,West,2062658.2923551798,13,20,158666.02248885998
C02020,Customer 2020,Mid-Market,South,5394755.077394185,30,52,179825.16924647283
C02021,Customer 2021,Enterprise,West,4192407.921726597,21,70,199638.4724631713
C02022,Customer 2022,Mid-Market,North,7120905.076464831,33,70,215785.0023171161
C02023,Customer 2023,SMB,North,2302960.7420437676,19,29,121208.46010756672
C02024,Customer 2024,Enterprise,South,5336461.776983978,24,63,222352.57404099908
C02025,Customer 2025,Enterprise,South,6230381.196881716,23,57,270886.1389948572
C02026,Customer 2026,Enterprise,South,2669279.0563283134,13,27,205329.15817910104
C02027,Customer 2027,Mid-Market,East,6190614.34136271,25,60,247624.5736545084
C02028,Customer 2028,SMB,South,2956439.359238922,17,23,173908.19760228953
C02029,Customer 2029,Mid-Market,West,2226397.2890811423,14,29,159028.37779151017
C02030,Customer 2030,Mid-Market,West,1417798.035133456,15,22,94519.86900889708
C02031,Customer 2031,SMB,North,2643979.6346544693,26,42,101691.52440978728
C02032,Customer 2032,SMB,West,2649871.3120469507,29,39,91374.8728292052
C02033,Customer 2033,Mid-Market,South,5432000.74298878,21,52,258666.70204708478
C02034,Customer 2034,Enterprise,South,5321781.984436268,22,54,241899.18111073945
C02035,Customer 2035,Mid-Market,North,4402265.148071717,25,42,176090.60592286865
C02036,Customer 2036,SMB,East,3879111.4417837043,22,36,176323.24735380473
C02037,Customer 2037,Mid-Market,Central,5533868.574634511,28,49,197638.16337980397
C02038,Customer 2038,Mid-Market,North,4742088.14102571,22,41,215549.46095571408
C02039,Customer 2039,SMB,West,2753312.7781237406,24,34,114721.36575515586
C02040,Customer 2040,Mid-Market,East,1652385.4209622834,15,23,110159.02806415223
C02041,Customer 2041,Mid-Market,South,4570672.909052624,21,41,217651.09090726782
C02042,Customer 2042,Enterprise,East,6198228.047845511,30,73,206607.60159485036
C02043,Customer 2043,SMB,West,2642199.0122019146,19,31,139063.10590536392
C02044,Customer 2044,Mid-Market,Central,2303369.7019936913,17,32,135492.3354113936
C02045,Customer 2045,Mid-Market,Central,6664701.224079832,33,62,201960.6431539343
C02046,Customer 2046,Enterprise,North,5776256.812438028,22,58,262557.12783809216
C02047,Customer 2047,SMB,South,1087351.9987242853,14,20,77667.99990887752
C02048,Customer 2048,SMB,West,1405983.6265128301,21,23,66951.60126251572
C02049,Customer 2049,Mid-Market,North,2420154.3097657934,20,31,121007.71548828967
C02050,Customer 2050,Enterprise,South,3541813.050182497,18,50,196767.3916768054
C02051,Customer 2051,SMB,Central,2719712.3003891027,21,35,129510.10954233822
C02052,Customer 2052,SMB,North,2421775.5474973256,20,29,121088.77737486627
C02053,Customer 2053,Mid-Market,South,3024052.1997577557,22,34,137456.91817080707
C02054,Customer 2054,Mid-Market,Central,2087977.2541463175,18,33,115998.73634146208
C02055,Customer 2055,SMB,South,2919713.823025362,20,29,145985.6911512681
C02056,Customer 2056,SMB,West,2446084.5023689223,19,32,128741.28959836434
C02057,Customer 2057,Mid-Market,Central,5503849.816768763,26,54,211686.53141418318
C02058,Customer 2058,Mid-Market,West,5431373.620928411,23,40,236146.6791708005
C02059,Customer 2059,Mid-Market,North,2622004.255710134,17,31,154235.5444535373
C02060,Customer 2060,SMB,North,4239256.195100023,31,54,136750.19984193624
C02061,Customer 2061,Mid-Market,Central,1700154.1695284124,17,31,100009.06879578896
C02062,Customer 2062,Enterprise,South,5448627.088834962,25,64,217945.08355339846
C02063,Customer 2063,Enterprise,West,7600382.8822565675,27,69,281495.6623057988
C02064,Customer 2064,SMB,North,3042152.2238522847,16,24,190134.5139907678
C02065,Customer 2065,SMB,South,1582277.5266555168,18,26,87904.3070364176
C02066,Customer 2066,SMB,Central,3017574.3335078005,17,28,177504.37255928238
C02067,Customer 2067,Mid-Market,West,3458456.557743935,21,39,164688.40751161595
C02068,Customer 2068,SMB,Central,1709206.8885184764,20,23,85460.34442592382
C02069,Customer 2069,SMB,South,1709665.3464458887,15,18,113977.68976305924
C02070,Customer 2070,Mid-Market,West,5270747.368924193,26,62,202721.0526509305
C02071,Customer 2071,Enterprise,Central,2667077.421264083,20,47,133353.87106320416
C02072,Customer 2072,SMB,South,2806586.2230009185,23,33,122025.48795656167
C02073,Customer 2073,Enterprise,South,5254764.859079414,20,63,262738.2429539707
C02074,Customer 2074,Mid-Market,Central,3076350.0481503434,23,44,133754.34991958016
C02075,Customer 2075,Mid-Market,South,4400706.0327244075,23,47,191335.0449010612
C02076,Customer 2076,Mid-Market,West,4276378.08025219,19,33,225072.53053958894
C02077,Customer 2077,Mid-Market,Central,5301381.440452032,32,81,165668.170014126
C02078,Customer 2078,SMB,North,1993626.5325147482,25,34,79745.06130058992
C02079,Customer 2079,Enterprise,South,4267061.216034487,19,54,224582.169264973
C02080,Customer 2080,SMB,North,3332747.0196190397,25,40,133309.8807847616
C02081,Customer 2081,Enterprise,South,4441459.421280959,22,49,201884.5191491345
C02082,Customer 2082,Mid-Market,North,5069841.006927094,26,50,194993.88488181133
C02083,Customer 2083,SMB,East,2975588.1979514686,21,31,141694.67609292708
C02084,Customer 2084,Enterprise,North,3597481.906544845,17,45,211616.58273793207
C02085,Customer 2085,Mid-Market,East,2273601.822309118,17,29,133741.28366524226
C02086,Customer 2086,SMB,South,2201334.1197583387,22,27,100060.64180719721
C02087,Customer 2087,Enterprise,South,3550397.3040142315,18,48,197244.29466745732
C02088,Customer 2088,Enterprise,South,2790803.5451913173,15,32,186053.56967942117
C02089,Customer 2089,Mid-Market,East,4937520.274744655,26,58,189904.6259517175
C02090,Customer 2090,SMB,West,2826826.4052060517,18,29,157045.9114003362
C02091,Customer 2091,Mid-Market,South,3636685.8940049615,19,30,191404.52073710324
C02092,Customer 2092,Mid-Market,Central,3028023.209285446,20,38,151401.1604642723
C02093,Customer 2093,SMB,West,1269061.4946319354,14,21,90647.24961656681
C02094,Customer 2094,Mid-Market,North,4346413.2101399135,23,49,188974.48739738754
C02095,Customer 2095,Mid-Market,Central,1671941.820659643,16,24,104496.36379122769
C02096,Customer 2096,Mid-Market,South,4442054.696242532,18,36,246780.81645791844
C02097,Customer 2097,Mid-Market,North,4267115.484528703,22,49,193959.79475130467
C02098,Customer 2098,Mid-Market,West,1807745.967783704,15,25,120516.39785224693
C02099,Customer 2099,Mid-Market,North,4706346.792761434,25,51,188253.87171045734
C02100,Customer 2100,Enterprise,South,7353776.542534794,22,68,334262.5701152179
C02101,Customer 2101,Mid-Market,East,2771072.0580841005,20,38,138553.60290420504
C02102,Customer 2102,Enterprise,North,4836312.50468072,17,54,284488.9708635718
C02103,Customer 2103,Mid-Market,East,4144124.2854795833,20,42,207206.21427397916
C02104,Customer 2104,Enterprise,Central,2085152.2423473296,14,29,148939.44588195212
C02105,Customer 2105,Mid-Market,West,3313744.1772322515,20,40,165687.20886161257
C02106,Customer 2106,SMB,East,2107238.8106248374,21,31,100344.70526784941
C02107,Customer 2107,Mid-Market,East,3846556.1740408815,19,42,202450.3249495201
C02108,Customer 2108,Enterprise,Central,3011152.4317144803,20,43,150557.621585724
C02109,Customer 2109,Mid-Market,South,2371475.250758068,17,28,139498.5441622393
C02110,Customer 2110,SMB,North,3940271.003586092,25,35,157610.84014344367
C02111,Customer 2111,Mid-Market,West,5561100.685423495,32,66,173784.39641948423
C02112,Customer 2112,SMB,West,2737859.9674334805,21,28,130374.28416349908
C02113,Customer 2113,Mid-Market,North,3340082.809780064,22,34,151821.94589909381
C02114,Customer 2114,Enterprise,West,6823943.426620143,25,78,272957.7370648057
C02115,Customer 2115,SMB,North,2021872.0511526177,15,21,134791.4700768412
C02116,Customer 2116,Mid-Market,Central,5419631.083756299,31,62,174826.809153429
C02117,Customer 2117,Enterprise,South,6354672.961096414,25,72,254186.9184438566
C02118,Customer 2118,SMB,North,2143946.5535220746,21,27,102092.6930248607
C02119,Customer 2119,Enterprise,North,3619152.512686657,20,49,180957.62563433283
C02120,Customer 2120,Mid-Market,South,4600842.219667664,18,44,255602.34553709242
C02121,Customer 2121,Mid-Market,South,5366163.346359811,26,59,206390.8979369158
C02122,Customer 2122,Mid-Market,North,6686315.052467786,26,53,257165.9635564533
C02123,Customer 2123,SMB,South,2148184.289572346,16,21,134261.51809827163
C02124,Customer 2124,Enterprise,North,7514128.998365973,26,83,289004.96147561434
C02125,Customer 2125,SMB,South,4613342.798229165,24,33,192222.61659288188
C02126,Customer 2126,Mid-Market,South,2487062.3412637543,17,37,146297.78478022083
C02127,Customer 2127,SMB,South,3061777.783387369,20,35,153088.88916936846
C02128,Customer 2128,SMB,South,3135951.8518641423,21,28,149331.04056495917
C02129,Customer 2129,SMB,North,2509377.2889864645,20,26,125468.86444932323
C02130,Customer 2130,Mid-Market,North,5680235.962166592,24,55,236676.498423608
C02131,Customer 2131,Mid-Market,North,4570833.769755127,21,51,217658.75094072032
C02132,Customer 2132,Mid-Market,East,4929000.804339259,19,39,259421.09496522415
C02133,Customer 2133,Mid-Market,Central,2387592.464664089,16,29,149224.52904150556
C02134,Customer 2134,Mid-Market,Central,3857532.6895315433,22,42,175342.39497870652
C02135,Customer 2135,SMB,West,2361670.9221171835,23,28,102681.34443987755
C02136,Customer 2136,Enterprise,West,6573592.432261959,26,70,252830.47816392148
C02137,Customer 2137,SMB,South,2878382.5125629976,19,28,151493.8164506841
C02138,Customer 2138,Enterprise,East,4050038.325071359,22,51,184092.65113960722
C02139,Customer 2139,SMB,East,2563391.1552184527,23,34,111451.78935732403
C02140,Customer 2140,Enterprise,Central,5349194.194948979,24,62,222883.09145620745
C02141,Customer 2141,Enterprise,Central,4831263.7178688515,20,52,241563.18589344257
C02142,Customer 2142,SMB,South,3628053.045431,18,27,201558.50252394445
C02143,Customer 2143,SMB,East,1931945.9638083342,18,24,107330.33132268523
C02144,Customer 2144,SMB,East,2837835.698179288,26,36,109147.52685304954
C02145,Customer 2145,SMB,South,3846852.4647610025,22,33,174856.9302164092
C02146,Customer 2146,Mid-Market,Central,4911490.308878975,20,36,245574.51544394874
C02147,Customer 2147,SMB,North,1145017.346694233,13,15,88078.25743801791
C02148,Customer 2148,Mid-Market,Central,3242997.465341623,23,54,140999.88979746186
C02149,Customer 2149,Mid-Market,East,2155126.6937300884,18,34,119729.2607627827
C02150,Customer 2150,Mid-Market,North,2269717.632128934,19,39,119458.8227436281
C02151,Customer 2151,Enterprise,West,4988165.401885362,19,46,262535.0211518612
C02152,Customer 2152,Mid-Market,North,4525101.239628593,23,45,196743.53215776494
C02153,Customer 2153,SMB,East,2767530.138128738,24,40,115313.75575536408
C02154,Customer 2154,Enterprise,East,5250175.870441138,19,59,276325.04581269145
C02155,Customer 2155,SMB,West,2938331.215528509,21,34,139920.53407278616
C02156,Customer 2156,Mid-Market,Central,2050570.6724003083,14,28,146469.33374287916
C02157,Customer 2157,Enterprise,North,4786246.700008158,22,48,217556.668182189
C02158,Customer 2158,Mid-Market,South,5079910.795876151,21,47,241900.51408934052
C02159,Customer 2159,Enterprise,South,4388337.507951464,21,47,208968.4527595935
C02160,Customer 2160,Enterprise,North,2223095.0000605434,14,29,158792.50000432454
C02161,Customer 2161,Mid-Market,South,5697375.60558311,24,45,237390.6502326296
C02162,Customer 2162,Enterprise,South,7447281.534096347,27,87,275825.2420035684
C02163,Customer 2163,Enterprise,South,6613597.727554587,27,79,244948.0639835032
C02164,Customer 2164,SMB,South,3564551.2635319345,24,33,148522.9693138306
C02165,Customer 2165,Enterprise,Central,6852249.730434641,27,75,253787.02705313487
C02166,Customer 2166,SMB,South,1628842.0913448501,14,21,116345.86366748929
C02167,Customer 2167,SMB,Central,2014146.266540036,17,22,118479.19214941388
C02168,Customer 2168,Enterprise,South,5033817.3485748675,18,44,279656.5193652704
C02169,Customer 2169,Mid-Market,South,4806320.536089246,22,45,218469.1152767839
C02170,Customer 2170,Enterprise,West,5846362.630877895,23,70,254189.67960338676
C02171,Customer 2171,Mid-Market,South,7981026.851391407,26,64,306962.5712073618
C02172,Customer 2172,Enterprise,South,7473028.6071153805,27,69,276778.83730056963
C02173,Customer 2173,SMB,West,4406982.304064965,29,41,151964.90703672293
C02174,Customer 2174,Enterprise,North,5355831.207432847,21,54,255039.58130632603
C02175,Customer 2175,Mid-Market,South,3818223.8695750185,25,50,152728.95478300075
C02176,Customer 2176,Enterprise,West,4498657.284475599,24,66,187444.05351981663
C02177,Customer 2177,Enterprise,South,4322054.32592156,22,48,196457.01481461636
C02178,Customer 2178,Mid-Market,Central,2474826.300664987,22,41,112492.10457568122
C02179,Customer 2179,Mid-Market,South,3302992.7057998544,15,28,220199.5137199903
C02180,Customer 2180,SMB,Central,2545820.032347477,18,30,141434.44624152652
C02181,Customer 2181,Enterprise,East,5900084.073281621,25,58,236003.36293126483
C02182,Customer 2182,Enterprise,Central,4367483.680504599,20,50,218374.18402522994
C02183,Customer 2183,Mid-Market,Central,5436871.45443419,30,59,181229.04848113967
C02184,Customer 2184,Mid-Market,North,2633388.8073902745,14,34,188099.20052787676
C02185,Customer 2185,SMB,West,1475823.414654244,19,25,77674.91656074968
C02186,Customer 2186,SMB,North,3116033.0572020505,17,23,183296.06218835592
C02187,Customer 2187,SMB,East,1832093.880759019,20,21,91604.69403795095
C02188,Customer 2188,Enterprise,West,4788427.797311619,19,40,252022.51564797995
C02189,Customer 2189,Mid-Market,South,7557576.804751979,24,46,314899.03353133245
C02190,Customer 2190,SMB,Central,2839567.789722671,24,35,118315.32457177795
C02191,Customer 2191,Mid-Market,North,3343782.3492511236,18,36,185765.68606950686
C02192,Customer 2192,Mid-Market,West,2556195.445428249,18,29,142010.85807934718
C02193,Customer 2193,Mid-Market,East,3703902.072404566,22,49,168359.18510929847
C02194,Customer 2194,Mid-Market,North,5527048.3057194585,20,49,276352.41528597294
C02195,Customer 2195,SMB,West,3184334.410945459,29,38,109804.63486018823
C02196,Customer 2196,Mid-Market,East,3748752.1009783815,17,37,220514.82946931655
C02197,Customer 2197,SMB,North,5098446.834667072,28,42,182087.3869523954
C02198,Customer 2198,Mid-Market,West,3272914.238866046,17,42,192524.36699212037
C02199,Customer 2199,Enterprise,South,7086068.935588499,20,45,354303.4467794249
C02200,Customer 2200,Mid-Market,East,2218432.879007398,12,25,184869.40658394984
