customer_id,customer_name,segment,region,city,industry
C00001,Customer 0001,SMB,East,Bhubaneswar,Automotive
C00002,Customer 0002,Mid-Market,South,Bengaluru,Energy
C00003,Customer 0003,Mid-Market,Central,Nagpur,Logistics
C00004,Customer 0004,SMB,East,Guwahati,Logistics
C00005,Customer 0005,SMB,North,Delhi,Logistics
C00006,Customer 0006,Enterprise,Central,Bhopal,Manufacturing
C00007,Customer 0007,Enterprise,East,Kolkata,Construction
C00008,Customer 0008,Enterprise,East,Kolkata,Logistics
C00009,Customer 0009,Mid-Market,North,Delhi,Construction
C00010,Customer 0010,Enterprise,South,Bengaluru,Automotive
C00011,Customer 0011,SMB,South,Bengaluru,Logistics
C00012,Customer 0012,SMB,Central,Nagpur,Construction
C00013,Customer 0013,Mid-Market,West,Pune,Manufacturing
C00014,Customer 0014,Mid-Market,Central,Bhopal,Energy
C00015,Customer 0015,Mid-Market,South,Hyderabad,Construction
C00016,Customer 0016,Enterprise,South,Hyderabad,Construction
C00017,Customer 0017,SMB,West,Pune,Automotive
C00018,Customer 0018,Enterprise,North,Delhi,Healthcare
C00019,Customer 0019,Enterprise,Central,Bhopal,Manufacturing
C00020,Customer 0020,Mid-Market,West,Mumbai,Logistics
C00021,Customer 0021,Enterprise,East,Guwahati,Construction
C00022,Customer 0022,Mid-Market,South,Chennai,Manufacturing
C00023,Customer 0023,SMB,Central,Bhopal,Logistics
C00024,Customer 0024,SMB,Central,Nagpur,Logistics
C00025,Customer 0025,Mid-Market,East,Kolkata,Manufacturing
C00026,Customer 0026,SMB,North,Lucknow,Construction
C00027,Customer 0027,Mid-Market,West,Mumbai,Healthcare
C00028,Customer 0028,SMB,North,Chandigarh,Energy
C00029,Customer 0029,Mid-Market,North,Lucknow,Construction
C00030,Customer 0030,Mid-Market,East,Guwahati,Manufacturing
C00031,Customer 0031,SMB,East,Guwahati,Energy
C00032,Customer 0032,Mid-Market,Central,Indore,Automotive
C00033,Customer 0033,Enterprise,South,Chennai,Logistics
C00034,Customer 0034,Mid-Market,South,Bengaluru,Energy
C00035,Customer 0035,Mid-Market,West,Pune,Construction
C00036,Customer 0036,Mid-Market,North,Lucknow,Energy
C00037,Customer 0037,Mid-Market,North,Chandigarh,Construction
C00038,Customer 0038,SMB,West,Ahmedabad,Manufacturing
C00039,Customer 0039,Mid-Market,South,Hyderabad,Logistics
C00040,Customer 0040,Mid-Market,East,Kolkata,Logistics
C00041,Customer 0041,Mid-Market,South,Bengaluru,Logistics
C00042,Customer 0042,SMB,Central,Nagpur,Construction
C00043,Customer 0043,Enterprise,East,Guwahati,Energy
C00044,Customer 0044,Enterprise,South,Hyderabad,Energy
C00045,Customer 0045,Mid-Market,Central,Bhopal,Energy
C00046,Customer 0046,Mid-Market,East,Bhubaneswar,Construction
C00047,Customer 0047,SMB,South,Bengaluru,Construction
C00048,Customer 0048,Mid-Market,South,Bengaluru,Healthcare
C00049,Customer 0049,SMB,East,Bhubaneswar,Manufacturing
C00050,Customer 0050,Mid-Market,North,Lucknow,Energy
C00051,Customer 0051,Enterprise,North,Lucknow,Automotive
C00052,Customer 0052,Enterprise,North,Delhi,Automotive
C00053,Customer 0053,Enterprise,East,Bhubaneswar,Automotive
C00054,Customer 0054,Mid-Market,East,Guwahati,Energy
C00055,Customer 0055,Mid-Market,East,Bhubaneswar,Manufacturing
C00056,Customer 0056,Mid-Market,East,Kolkata,Energy
C00057,Customer 0057,Mid-Market,South,Hyderabad,Manufacturing
C00058,Customer 0058,Mid-Market,West,Mumbai,Automotive
C00059,Customer 0059,Mid-Market,North,Delhi,Automotive
C00060,Customer 0060,Mid-Market,North,Chandigarh,Healthcare
C00061,Customer 0061,Mid-Market,East,Kolkata,Healthcare
C00062,Customer 0062,Mid-Market,West,Pune,Construction
C00063,Customer 0063,Mid-Market,West,Pune,Construction
C00064,Customer 0064,Mid-Market,East,Bhubaneswar,Automotive
C00065,Customer 0065,Mid-Market,West,Pune,Healthcare
C00066,Customer 0066,Mid-Market,West,Mumbai,Logistics
C00067,Customer 0067,Mid-Market,West,Ahmedabad,Automotive
C00068,Customer 0068,Mid-Market,South,Chennai,Construction
C00069,Customer 0069,Enterprise,North,Lucknow,Construction
C00070,Customer 0070,Mid-Market,South,Chennai,Automotive
C00071,Customer 0071,SMB,North,Chandigarh,Construction
C00072,Customer 0072,Enterprise,South,Chennai,Healthcare
C00073,Customer 0073,SMB,Central,Nagpur,Construction
C00074,Customer 0074,Enterprise,South,Bengaluru,Energy
C00075,Customer 0075,Mid-Market,North,Lucknow,Energy
C00076,Customer 0076,Mid-Market,South,Bengaluru,Logistics
C00077,Customer 0077,Enterprise,South,Chennai,Construction
C00078,Customer 0078,SMB,East,Bhubaneswar,Construction
C00079,Customer 0079,Mid-Market,West,Ahmedabad,Healthcare
C00080,Customer 0080,SMB,East,Bhubaneswar,Manufacturing
C00081,Customer 0081,Mid-Market,East,Bhubaneswar,Manufacturing
C00082,Customer 0082,SMB,South,Bengaluru,Automotive
C00083,Customer 0083,SMB,East,Guwahati,Logistics
C00084,Customer 0084,Mid-Market,North,Delhi,Logistics
C00085,Customer 0085,Enterprise,North,Chandigarh,Manufacturing
C00086,Customer 0086,Mid-Market,North,Chandigarh,Logistics
C00087,Customer 0087,Mid-Market,East,Bhubaneswar,Construction
C00088,Customer 0088,SMB,West,Mumbai,Logistics
C00089,Customer 0089,Mid-Market,North,Chandigarh,Manufacturing
C00090,Customer 0090,Mid-Market,West,Pune,Logistics
C00091,Customer 0091,Enterprise,North,Delhi,Logistics
C00092,Customer 0092,Mid-Market,East,Kolkata,Energy
C00093,Customer 0093,SMB,South,Chennai,Manufacturing
C00094,Customer 0094,Enterprise,South,Bengaluru,Automotive
C00095,Customer 0095,SMB,South,Bengaluru,Healthcare
C00096,Customer 0096,SMB,West,Pune,Logistics
C00097,Customer 0097,Enterprise,South,Bengaluru,Healthcare
C00098,Customer 0098,Enterprise,North,Chandigarh,Healthcare
C00099,Customer 0099,Mid-Market,North,Delhi,Manufacturing
C00100,Customer 0100,Mid-Market,Central,Nagpur,Construction
C00101,Customer 0101,Enterprise,Central,Bhopal,Automotive
C00102,Customer 0102,SMB,East,Bhubaneswar,Energy
C00103,Customer 0103,Mid-Market,South,Chennai,Automotive
C00104,Customer 0104,SMB,Central,Bhopal,Manufacturing
C00105,Customer 0105,SMB,East,Kolkata,Energy
C00106,Customer 0106,SMB,East,Bhubaneswar,Construction
C00107,Customer 0107,Mid-Market,South,Bengaluru,Logistics
C00108,Customer 0108,Mid-Market,South,Hyderabad,Energy
C00109,Customer 0109,Mid-Market,North,Delhi,Energy
C00110,Customer 0110,Enterprise,Central,Bhopal,Logistics
C00111,Customer 0111,Mid-Market,South,Bengaluru,Energy
C00112,Customer 0112,Enterprise,North,Chandigarh,Automotive
C00113,Customer 0113,Mid-Market,South,Bengaluru,Automotive
C00114,Customer 0114,Enterprise,West,Ahmedabad,Energy
C00115,Customer 0115,Mid-Market,North,Lucknow,Logistics
C00116,Customer 0116,Mid-Market,Central,Bhopal,Energy
C00117,Customer 0117,Mid-Market,East,Bhubaneswar,Construction
C00118,Customer 0118,SMB,East,Kolkata,Healthcare
C00119,Customer 0119,Enterprise,South,Chennai,Energy
C00120,Customer 0120,SMB,West,Pune,Manufacturing
C00121,Customer 0121,SMB,West,Ahmedabad,Energy
C00122,Customer 0122,Mid-Market,West,Ahmedabad,Automotive
C00123,Customer 0123,Mid-Market,North,Chandigarh,Energy
C00124,Customer 0124,Mid-Market,South,Chennai,Construction
C00125,Customer 0125,Enterprise,North,Lucknow,Logistics
C00126,Customer 0126,Mid-Market,West,Pune,Manufacturing
C00127,Customer 0127,Enterprise,South,Bengaluru,Energy
C00128,Customer 0128,SMB,North,Delhi,Energy
C00129,Customer 0129,SMB,North,Chandigarh,Automotive
C00130,Customer 0130,SMB,West,Pune,Automotive
C00131,Customer 0131,Mid-Market,North,Delhi,Healthcare
C00132,Customer 0132,Mid-Market,Central,Indore,Energy
C00133,Customer 0133,SMB,West,Ahmedabad,Logistics
C00134,Customer 0134,Mid-Market,South,Chennai,Logistics
C00135,Customer 0135,Enterprise,West,Mumbai,Automotive
C00136,Customer 0136,Mid-Market,North,Chandigarh,Manufacturing
C00137,Customer 0137,Mid-Market,Central,Indore,Healthcare
C00138,Customer 0138,Mid-Market,West,Ahmedabad,Energy
C00139,Customer 0139,Enterprise,East,Guwahati,Logistics
C00140,Customer 0140,Mid-Market,North,Lucknow,Automotive
C00141,Customer 0141,Mid-Market,West,Pune,Manufacturing
C00142,Customer 0142,Enterprise,West,Pune,Manufacturing
C00143,Customer 0143,Enterprise,Central,Bhopal,Healthcare
C00144,Customer 0144,Mid-Market,West,Pune,Manufacturing
C00145,Customer 0145,SMB,West,Pune,Healthcare
C00146,Customer 0146,Mid-Market,South,Chennai,Logistics
C00147,Customer 0147,Mid-Market,South,Hyderabad,Construction
C00148,Customer 0148,SMB,West,Ahmedabad,Automotive
C00149,Customer 0149,Mid-Market,South,Hyderabad,Automotive
C00150,Customer 0150,SMB,North,Lucknow,Energy
C00151,Customer 0151,Mid-Market,Central,Indore,Manufacturing
C00152,Customer 0152,Mid-Market,Central,Indore,Manufacturing
C00153,Customer 0153,Enterprise,North,Delhi,Manufacturing
C00154,Customer 0154,Enterprise,West,Pune,Automotive
C00155,Customer 0155,SMB,North,Lucknow,Logistics
C00156,Customer 0156,SMB,East,Kolkata,Healthcare
C00157,Customer 0157,SMB,South,Bengaluru,Energy
C00158,Customer 0158,SMB,West,Ahmedabad,Automotive
C00159,Customer 0159,Enterprise,East,Guwahati,Healthcare
C00160,Customer 0160,SMB,East,Bhubaneswar,Healthcare
C00161,Customer 0161,Mid-Market,North,Chandigarh,Construction
C00162,Customer 0162,SMB,Central,Nagpur,Healthcare
C00163,Customer 0163,Enterprise,South,Bengaluru,Logistics
C00164,Customer 0164,Mid-Market,North,Delhi,Construction
C00165,Customer 0165,SMB,West,Ahmedabad,Logistics
C00166,Customer 0166,SMB,South,Hyderabad,Energy
C00167,Customer 0167,Mid-Market,Central,Bhopal,Automotive
C00168,Customer 0168,Mid-Market,East,Guwahati,Healthcare
C00169,Customer 0169,Mid-Market,South,Bengaluru,Healthcare
C00170,Customer 0170,SMB,Central,Indore,Healthcare
C00171,Customer 0171,Mid-Market,South,Chennai,Construction
C00172,Customer 0172,Mid-Market,West,Mumbai,Automotive
C00173,Customer 0173,Mid-Market,South,Hyderabad,Energy
C00174,Customer 0174,Mid-Market,Central,Bhopal,Logistics
C00175,Customer 0175,Mid-Market,North,Lucknow,Manufacturing
C00176,Customer 0176,Mid-Market,North,Lucknow,Energy
C00177,Customer 0177,SMB,South,Bengaluru,Logistics
C00178,Customer 0178,SMB,Central,Indore,Construction
C00179,Customer 0179,SMB,Central,Indore,Automotive
C00180,Customer 0180,Mid-Market,East,Kolkata,Logistics
C00181,Customer 0181,Mid-Market,Central,Indore,Construction
C00182,Customer 0182,SMB,Central,Bhopal,Construction
C00183,Customer 0183,SMB,West,Mumbai,Logistics
C00184,Customer 0184,Mid-Market,South,Chennai,Healthcare
C00185,Customer 0185,Mid-Market,East,Bhubaneswar,Energy
C00186,Customer 0186,SMB,East,Bhubaneswar,Logistics
C00187,Customer 0187,Mid-Market,South,Bengaluru,Logistics
C00188,Customer 0188,SMB,North,Delhi,Manufacturing
C00189,Customer 0189,Enterprise,East,Bhubaneswar,Automotive
C00190,Customer 0190,Mid-Market,South,Bengaluru,Logistics
C00191,Customer 0191,Mid-Market,Central,Bhopal,Energy
C00192,Customer 0192,Enterprise,South,Bengaluru,Logistics
C00193,Customer 0193,SMB,North,Delhi,Healthcare
C00194,Customer 0194,Mid-Market,Central,Bhopal,Automotive
C00195,Customer 0195,Enterprise,North,Chandigarh,Manufacturing
C00196,Customer 0196,SMB,North,Delhi,Construction
C00197,Customer 0197,SMB,West,Ahmedabad,Energy
C00198,Customer 0198,SMB,Central,Indore,Logistics
C00199,Customer 0199,Mid-Market,North,Lucknow,Logistics
C00200,Customer 0200,SMB,South,Chennai,Construction
C00201,Customer 0201,Mid-Market,East,Guwahati,Automotive
C00202,Customer 0202,Mid-Market,Central,Bhopal,Logistics
C00203,Customer 0203,Enterprise,West,Mumbai,Construction
C00204,Customer 0204,Mid-Market,North,Lucknow,Manufacturing
C00205,Customer 0205,SMB,North,Delhi,Energy
C00206,Customer 0206,Mid-Market,South,Hyderabad,Automotive
C00207,Customer 0207,Mid-Market,North,Delhi,Construction
C00208,Customer 0208,SMB,East,Bhubaneswar,Automotive
C00209,Customer 0209,Mid-Market,North,Lucknow,Logistics
C00210,Customer 0210,Mid-Market,West,Pune,Logistics
C00211,Customer 0211,SMB,East,Kolkata,Construction
C00212,Customer 0212,SMB,West,Mumbai,Logistics
C00213,Customer 0213,SMB,North,Lucknow,Manufacturing
C00214,Customer 0214,SMB,East,Bhubaneswar,Manufacturing
C00215,Customer 0215,SMB,East,Bhubaneswar,Construction
C00216,Customer 0216,SMB,East,Bhubaneswar,Logistics
C00217,Customer 0217,Mid-Market,North,Delhi,Logistics
C00218,Customer 0218,Enterprise,North,Chandigarh,Construction
C00219,Customer 0219,Mid-Market,Central,Nagpur,Energy
C00220,Customer 0220,SMB,South,Chennai,Healthcare
C00221,Customer 0221,Mid-Market,South,Hyderabad,Logistics
C00222,Customer 0222,SMB,West,Ahmedabad,Manufacturing
C00223,Customer 0223,Enterprise,East,Guwahati,Construction
C00224,Customer 0224,Mid-Market,Central,Indore,Healthcare
C00225,Customer 0225,Mid-Market,South,Hyderabad,Healthcare
C00226,Customer 0226,Mid-Market,Central,Nagpur,Energy
C00227,Customer 0227,Enterprise,North,Delhi,Automotive
C00228,Customer 0228,Enterprise,West,Mumbai,Logistics
C00229,Customer 0229,SMB,West,Ahmedabad,Construction
C00230,Customer 0230,Mid-Market,North,Chandigarh,Logistics
C00231,Customer 0231,Enterprise,North,Delhi,Automotive
C00232,Customer 0232,Enterprise,South,Bengaluru,Energy
C00233,Customer 0233,Mid-Market,Central,Indore,Manufacturing
C00234,Customer 0234,Enterprise,West,Mumbai,Construction
C00235,Customer 0235,SMB,Central,Indore,Manufacturing
C00236,Customer 0236,SMB,East,Guwahati,Automotive
C00237,Customer 0237,Mid-Market,West,Ahmedabad,Automotive
C00238,Customer 0238,Mid-Market,East,Bhubaneswar,Logistics
C00239,Customer 0239,Enterprise,North,Chandigarh,Automotive
C00240,Customer 0240,Mid-Market,North,Lucknow,Manufacturing
C00241,Customer 0241,SMB,Central,Bhopal,Logistics
C00242,Customer 0242,Mid-Market,East,Kolkata,Construction
C00243,Customer 0243,SMB,South,Chennai,Energy
C00244,Customer 0244,Mid-Market,West,Mumbai,Energy
C00245,Customer 0245,Mid-Market,West,Mumbai,Logistics
C00246,Customer 0246,Mid-Market,Central,Nagpur,Logistics
C00247,Customer 0247,Mid-Market,West,Ahmedabad,Manufacturing
C00248,Customer 0248,SMB,South,Bengaluru,Logistics
C00249,Customer 0249,Enterprise,South,Bengaluru,Automotive
C00250,Customer 0250,SMB,South,Bengaluru,Manufacturing
C00251,Customer 0251,SMB,West,Pune,Automotive
C00252,Customer 0252,Mid-Market,Central,Bhopal,Logistics
C00253,Customer 0253,Mid-Market,South,Bengaluru,Construction
C00254,Customer 0254,Mid-Market,South,Bengaluru,Healthcare
C00255,Customer 0255,Mid-Market,South,Bengaluru,Logistics
C00256,Customer 0256,SMB,East,Kolkata,Healthcare
C00257,Customer 0257,Mid-Market,East,Kolkata,Manufacturing
C00258,Customer 0258,SMB,North,Chandigarh,Manufacturing
C00259,Customer 0259,Mid-Market,North,Chandigarh,Logistics
C00260,Customer 0260,Mid-Market,West,Pune,Energy
C00261,Customer 0261,SMB,North,Lucknow,Energy
C00262,Customer 0262,Mid-Market,Central,Nagpur,Construction
C00263,Customer 0263,SMB,South,Bengaluru,Healthcare
C00264,Customer 0264,Enterprise,North,Chandigarh,Energy
C00265,Customer 0265,SMB,Central,Indore,Automotive
C00266,Customer 0266,SMB,North,Lucknow,Construction
C00267,Customer 0267,SMB,South,Bengaluru,Manufacturing
C00268,Customer 0268,Mid-Market,North,Delhi,Manufacturing
C00269,Customer 0269,SMB,North,Lucknow,Automotive
C00270,Customer 0270,Mid-Market,North,Chandigarh,Manufacturing
C00271,Customer 0271,SMB,North,Delhi,Construction
C00272,Customer 0272,Enterprise,North,Lucknow,Healthcare
C00273,Customer 0273,Mid-Market,North,Delhi,Logistics
C00274,Customer 0274,Mid-Market,West,Ahmedabad,Energy
C00275,Customer 0275,Mid-Market,East,Guwahati,Manufacturing
C00276,Customer 0276,Mid-Market,South,Hyderabad,Healthcare
C00277,Customer 0277,SMB,South,Hyderabad,Construction
C00278,Customer 0278,Mid-Market,West,Pune,Manufacturing
C00279,Customer 0279,SMB,Central,Nagpur,Energy
C00280,Customer 0280,Enterprise,Central,Indore,Logistics
C00281,Customer 0281,SMB,North,Delhi,Energy
C00282,Customer 0282,SMB,North,Delhi,Construction
C00283,Customer 0283,Mid-Market,South,Chennai,Manufacturing
C00284,Customer 0284,SMB,South,Bengaluru,Healthcare
C00285,Customer 0285,SMB,West,Pune,Logistics
C00286,Customer 0286,SMB,South,Chennai,Healthcare
C00287,Customer 0287,Mid-Market,North,Lucknow,Manufacturing
C00288,Customer 0288,Mid-Market,South,Bengaluru,Construction
C00289,Customer 0289,SMB,West,Mumbai,Energy
C00290,Customer 0290,Mid-Market,North,Lucknow,Logistics
C00291,Customer 0291,SMB,Central,Indore,Healthcare
C00292,Customer 0292,Mid-Market,North,Delhi,Energy
C00293,Customer 0293,SMB,Central,Bhopal,Healthcare
C00294,Customer 0294,Enterprise,North,Lucknow,Logistics
C00295,Customer 0295,Enterprise,Central,Bhopal,Healthcare
C00296,Customer 0296,SMB,Central,Bhopal,Manufacturing
C00297,Customer 0297,SMB,Central,Indore,Automotive
C00298,Customer 0298,SMB,East,Kolkata,Construction
C00299,Customer 0299,SMB,East,Kolkata,Energy
C00300,Customer 0300,Mid-Market,West,Mumbai,Energy
C00301,Customer 0301,Mid-Market,East,Guwahati,Automotive
C00302,Customer 0302,Enterprise,North,Delhi,Automotive
C00303,Customer 0303,Mid-Market,West,Pune,Manufacturing
C00304,Customer 0304,Mid-Market,West,Ahmedabad,Construction
C00305,Customer 0305,SMB,Central,Bhopal,Healthcare
C00306,Customer 0306,Enterprise,West,Mumbai,Logistics
C00307,Customer 0307,Enterprise,South,Hyderabad,Energy
C00308,Customer 0308,Mid-Market,West,Pune,Construction
C00309,Customer 0309,Enterprise,South,Chennai,Construction
C00310,Customer 0310,Mid-Market,North,Chandigarh,Energy
C00311,Customer 0311,Mid-Market,West,Mumbai,Automotive
C00312,Customer 0312,Mid-Market,South,Chennai,Energy
C00313,Customer 0313,Mid-Market,South,Chennai,Healthcare
C00314,Customer 0314,SMB,South,Hyderabad,Automotive
C00315,Customer 0315,Mid-Market,South,Bengaluru,Healthcare
C00316,Customer 0316,Mid-Market,South,Hyderabad,Healthcare
C00317,Customer 0317,Mid-Market,South,Chennai,Manufacturing
C00318,Customer 0318,Enterprise,East,Guwahati,Manufacturing
C00319,Customer 0319,Mid-Market,South,Hyderabad,Healthcare
C00320,Customer 0320,SMB,Central,Indore,Healthcare
C00321,Customer 0321,Mid-Market,Central,Nagpur,Healthcare
C00322,Customer 0322,Mid-Market,West,Ahmedabad,Construction
C00323,Customer 0323,Mid-Market,South,Chennai,Logistics
C00324,Customer 0324,SMB,West,Mumbai,Manufacturing
C00325,Customer 0325,Mid-Market,Central,Indore,Energy
C00326,Customer 0326,Mid-Market,West,Pune,Logistics
C00327,Customer 0327,SMB,East,Kolkata,Manufacturing
C00328,Customer 0328,Mid-Market,West,Ahmedabad,Manufacturing
C00329,Customer 0329,Mid-Market,West,Mumbai,Manufacturing
C00330,Customer 0330,Enterprise,South,Hyderabad,Energy
C00331,Customer 0331,Enterprise,East,Guwahati,Automotive
C00332,Customer 0332,SMB,North,Lucknow,Healthcare
C00333,Customer 0333,Mid-Market,East,Guwahati,Automotive
C00334,Customer 0334,Mid-Market,Central,Indore,Energy
C00335,Customer 0335,Mid-Market,North,Lucknow,Logistics
C00336,Customer 0336,Enterprise,West,Pune,Automotive
C00337,Customer 0337,SMB,North,Delhi,Construction
C00338,Customer 0338,Enterprise,East,Bhubaneswar,Logistics
C00339,Customer 0339,SMB,North,Chandigarh,Healthcare
C00340,Customer 0340,Mid-Market,Central,Nagpur,Healthcare
C00341,Customer 0341,Mid-Market,North,Delhi,Automotive
C00342,Customer 0342,Enterprise,Central,Nagpur,Logistics
C00343,Customer 0343,SMB,East,Bhubaneswar,Logistics
C00344,Customer 0344,Enterprise,West,Mumbai,Automotive
C00345,Customer 0345,Enterprise,East,Guwahati,Healthcare
C00346,Customer 0346,SMB,East,Kolkata,Construction
C00347,Customer 0347,Mid-Market,Central,Bhopal,Logistics
C00348,Customer 0348,Mid-Market,South,Bengaluru,Logistics
C00349,Customer 0349,Mid-Market,West,Ahmedabad,Energy
C00350,Customer 0350,SMB,North,Chandigarh,Logistics
C00351,Customer 0351,Mid-Market,West,Mumbai,Logistics
C00352,Customer 0352,Enterprise,North,Delhi,Automotive
C00353,Customer 0353,Mid-Market,West,Ahmedabad,Logistics
C00354,Customer 0354,Enterprise,West,Ahmedabad,Manufacturing
C00355,Customer 0355,Mid-Market,West,Mumbai,Automotive
C00356,Customer 0356,Enterprise,West,Pune,Logistics
C00357,Customer 0357,Enterprise,East,Bhubaneswar,Energy
C00358,Customer 0358,Mid-Market,East,Kolkata,Healthcare
C00359,Customer 0359,SMB,West,Pune,Construction
C00360,Customer 0360,Enterprise,West,Ahmedabad,Construction
C00361,Customer 0361,Enterprise,Central,Bhopal,Automotive
C00362,Customer 0362,SMB,North,Lucknow,Automotive
C00363,Customer 0363,SMB,North,Delhi,Logistics
C00364,Customer 0364,Mid-Market,North,Delhi,Construction
C00365,Customer 0365,Mid-Market,West,Pune,Automotive
C00366,Customer 0366,Mid-Market,South,Bengaluru,Energy
C00367,Customer 0367,Enterprise,East,Bhubaneswar,Healthcare
C00368,Customer 0368,Enterprise,East,Kolkata,Logistics
C00369,Customer 0369,Mid-Market,South,Bengaluru,Automotive
C00370,Customer 0370,Mid-Market,Central,Indore,Construction
C00371,Customer 0371,Mid-Market,East,Kolkata,Healthcare
C00372,Customer 0372,Mid-Market,South,Chennai,Manufacturing
C00373,Customer 0373,Mid-Market,South,Bengaluru,Healthcare
C00374,Customer 0374,Mid-Market,South,Chennai,Manufacturing
C00375,Customer 0375,SMB,North,Delhi,Logistics
C00376,Customer 0376,SMB,North,Delhi,Energy
C00377,Customer 0377,Mid-Market,Central,Nagpur,Automotive
C00378,Customer 0378,Mid-Market,South,Chennai,Healthcare
C00379,Customer 0379,Mid-Market,South,Bengaluru,Manufacturing
C00380,Customer 0380,Enterprise,East,Kolkata,Automotive
C00381,Customer 0381,SMB,West,Ahmedabad,Energy
C00382,Customer 0382,Enterprise,Central,Nagpur,Logistics
C00383,Customer 0383,Mid-Market,East,Bhubaneswar,Manufacturing
C00384,Customer 0384,Mid-Market,West,Ahmedabad,Manufacturing
C00385,Customer 0385,Enterprise,South,Chennai,Energy
C00386,Customer 0386,Enterprise,Central,Nagpur,Logistics
C00387,Customer 0387,Mid-Market,East,Bhubaneswar,Logistics
C00388,Customer 0388,SMB,Central,Indore,Automotive
C00389,Customer 0389,Mid-Market,North,Delhi,Manufacturing
C00390,Customer 0390,Mid-Market,Central,Nagpur,Healthcare
C00391,Customer 0391,Enterprise,West,Mumbai,Manufacturing
C00392,Customer 0392,Mid-Market,North,Lucknow,Energy
C00393,Customer 0393,Enterprise,West,Ahmedabad,Energy
C00394,Customer 0394,Mid-Market,East,Kolkata,Manufacturing
C00395,Customer 0395,SMB,North,Chandigarh,Logistics
C00396,Customer 0396,Mid-Market,South,Bengaluru,Automotive
C00397,Customer 0397,Mid-Market,Central,Nagpur,Healthcare
C00398,Customer 0398,Enterprise,South,Bengaluru,Automotive
C00399,Customer 0399,Enterprise,South,Hyderabad,Logistics
C00400,Customer 0400,Mid-Market,South,Hyderabad,Manufacturing
C00401,Customer 0401,SMB,South,Hyderabad,Construction
C00402,Customer 0402,Mid-Market,Central,Nagpur,Healthcare
C00403,Customer 0403,Mid-Market,East,Kolkata,Manufacturing
C00404,Customer 0404,Mid-Market,North,Lucknow,Manufacturing
C00405,Customer 0405,Enterprise,Central,Bhopal,Automotive
C00406,Customer 0406,Enterprise,Central,Bhopal,Manufacturing
C00407,Customer 0407,Mid-Market,South,Hyderabad,Automotive
C00408,Customer 0408,Mid-Market,Central,Bhopal,Healthcare
C00409,Customer 0409,Mid-Market,North,Chandigarh,Logistics
C00410,Customer 0410,SMB,Central,Bhopal,Logistics
C00411,Customer 0411,SMB,East,Kolkata,Manufacturing
C00412,Customer 0412,SMB,West,Mumbai,Construction
C00413,Customer 0413,SMB,North,Chandigarh,Healthcare
C00414,Customer 0414,SMB,Central,Nagpur,Automotive
C00415,Customer 0415,SMB,North,Lucknow,Construction
C00416,Customer 0416,SMB,South,Bengaluru,Automotive
C00417,Customer 0417,SMB,North,Lucknow,Healthcare
C00418,Customer 0418,SMB,East,Kolkata,Manufacturing
C00419,Customer 0419,SMB,North,Chandigarh,Logistics
C00420,Customer 0420,Mid-Market,Central,Bhopal,Logistics
C00421,Customer 0421,Mid-Market,West,Pune,Logistics
C00422,Customer 0422,Mid-Market,North,Lucknow,Healthcare
C00423,Customer 0423,SMB,North,Lucknow,Automotive
C00424,Customer 0424,Mid-Market,North,Lucknow,Logistics
C00425,Customer 0425,SMB,West,Pune,Energy
C00426,Customer 0426,SMB,East,Bhubaneswar,Automotive
C00427,Customer 0427,SMB,South,Bengaluru,Automotive
C00428,Customer 0428,Mid-Market,Central,Nagpur,Healthcare
C00429,Customer 0429,SMB,North,Lucknow,Logistics
C00430,Customer 0430,SMB,East,Bhubaneswar,Manufacturing
C00431,Customer 0431,SMB,Central,Nagpur,Construction
C00432,Customer 0432,SMB,East,Kolkata,Energy
C00433,Customer 0433,Mid-Market,East,Bhubaneswar,Logistics
C00434,Customer 0434,Mid-Market,Central,Indore,Healthcare
C00435,Customer 0435,Enterprise,North,Lucknow,Energy
C00436,Customer 0436,SMB,North,Chandigarh,Automotive
C00437,Customer 0437,Mid-Market,North,Delhi,Manufacturing
C00438,Customer 0438,SMB,West,Mumbai,Manufacturing
C00439,Customer 0439,SMB,East,Guwahati,Automotive
C00440,Customer 0440,Mid-Market,West,Ahmedabad,Manufacturing
C00441,Customer 0441,Enterprise,Central,Bhopal,Healthcare
C00442,Customer 0442,Enterprise,North,Delhi,Healthcare
C00443,Customer 0443,SMB,East,Kolkata,Energy
C00444,Customer 0444,Mid-Market,North,Delhi,Manufacturing
C00445,Customer 0445,Enterprise,South,Chennai,Energy
C00446,Customer 0446,SMB,East,Guwahati,Manufacturing
C00447,Customer 0447,Mid-Market,Central,Bhopal,Healthcare
C00448,Customer 0448,SMB,West,Mumbai,Automotive
C00449,Customer 0449,Mid-Market,North,Delhi,Automotive
C00450,Customer 0450,Enterprise,West,Ahmedabad,Healthcare
C00451,Customer 0451,Enterprise,North,Lucknow,Healthcare
C00452,Customer 0452,Mid-Market,Central,Bhopal,Automotive
C00453,Customer 0453,Mid-Market,East,Kolkata,Healthcare
C00454,Customer 0454,SMB,North,Delhi,Logistics
C00455,Customer 0455,Mid-Market,North,Delhi,Automotive
C00456,Customer 0456,Mid-Market,North,Lucknow,Energy
C00457,Customer 0457,Mid-Market,Central,Bhopal,Construction
C00458,Customer 0458,Mid-Market,South,Hyderabad,Automotive
C00459,Customer 0459,SMB,East,Kolkata,Energy
C00460,Customer 0460,Enterprise,West,Ahmedabad,Energy
C00461,Customer 0461,SMB,West,Mumbai,Manufacturing
C00462,Customer 0462,Mid-Market,North,Lucknow,Energy
C00463,Customer 0463,Enterprise,Central,Bhopal,Logistics
C00464,Customer 0464,Mid-Market,South,Chennai,Automotive
C00465,Customer 0465,Enterprise,West,Ahmedabad,Manufacturing
C00466,Customer 0466,SMB,East,Bhubaneswar,Healthcare
C00467,Customer 0467,Mid-Market,West,Pune,Healthcare
C00468,Customer 0468,Mid-Market,Central,Indore,Automotive
C00469,Customer 0469,Mid-Market,North,Lucknow,Healthcare
C00470,Customer 0470,Mid-Market,West,Ahmedabad,Manufacturing
C00471,Customer 0471,SMB,South,Bengaluru,Construction
C00472,Customer 0472,SMB,West,Ahmedabad,Automotive
C00473,Customer 0473,Mid-Market,North,Delhi,Automotive
C00474,Customer 0474,SMB,North,Chandigarh,Logistics
C00475,Customer 0475,SMB,South,Bengaluru,Automotive
C00476,Customer 0476,Mid-Market,South,Hyderabad,Healthcare
C00477,Customer 0477,SMB,South,Hyderabad,Manufacturing
C00478,Customer 0478,Enterprise,West,Pune,Automotive
C00479,Customer 0479,SMB,West,Ahmedabad,Energy
C00480,Customer 0480,SMB,South,Chennai,Construction
C00481,Customer 0481,Enterprise,South,Hyderabad,Energy
C00482,Customer 0482,SMB,North,Lucknow,Healthcare
C00483,Customer 0483,SMB,West,Pune,Manufacturing
C00484,Customer 0484,Mid-Market,South,Bengaluru,Logistics
C00485,Customer 0485,Mid-Market,North,Delhi,Automotive
C00486,Customer 0486,SMB,South,Bengaluru,Healthcare
C00487,Customer 0487,SMB,West,Ahmedabad,Energy
C00488,Customer 0488,Enterprise,South,Hyderabad,Automotive
C00489,Customer 0489,Mid-Market,West,Pune,Construction
C00490,Customer 0490,Mid-Market,West,Pune,Healthcare
C00491,Customer 0491,Mid-Market,East,Guwahati,Logistics
C00492,Customer 0492,Mid-Market,West,Pune,Manufacturing
C00493,Customer 0493,Enterprise,West,Mumbai,Manufacturing
C00494,Customer 0494,Enterprise,South,Bengaluru,Energy
C00495,Customer 0495,Mid-Market,East,Bhubaneswar,Automotive
C00496,Customer 0496,Mid-Market,West,Pune,Automotive
C00497,Customer 0497,Mid-Market,South,Chennai,Construction
C00498,Customer 0498,SMB,West,Pune,Automotive
C00499,Customer 0499,Mid-Market,South,Chennai,Manufacturing
C00500,Customer 0500,Mid-Market,West,Pune,Automotive
C00501,Customer 0501,Enterprise,East,Bhubaneswar,Energy
C00502,Customer 0502,Enterprise,Central,Nagpur,Manufacturing
C00503,Customer 0503,Mid-Market,Central,Nagpur,Healthcare
C00504,Customer 0504,Enterprise,West,Ahmedabad,Construction
C00505,Customer 0505,Enterprise,West,Mumbai,Energy
C00506,Customer 0506,Enterprise,East,Bhubaneswar,Healthcare
C00507,Customer 0507,Mid-Market,South,Bengaluru,Energy
C00508,Customer 0508,Mid-Market,Central,Bhopal,Healthcare
C00509,Customer 0509,SMB,West,Ahmedabad,Energy
C00510,Customer 0510,SMB,North,Chandigarh,Manufacturing
C00511,Customer 0511,Mid-Market,North,Lucknow,Energy
C00512,Customer 0512,Enterprise,Central,Nagpur,Logistics
C00513,Customer 0513,Mid-Market,North,Delhi,Energy
C00514,Customer 0514,Enterprise,South,Hyderabad,Manufacturing
C00515,Customer 0515,Mid-Market,South,Chennai,Healthcare
C00516,Customer 0516,Mid-Market,North,Delhi,Construction
C00517,Customer 0517,Mid-Market,South,Bengaluru,Construction
C00518,Customer 0518,Mid-Market,East,Kolkata,Energy
C00519,Customer 0519,Mid-Market,North,Lucknow,Manufacturing
C00520,Customer 0520,SMB,Central,Nagpur,Manufacturing
C00521,Customer 0521,SMB,Central,Bhopal,Healthcare
C00522,Customer 0522,Mid-Market,South,Chennai,Manufacturing
C00523,Customer 0523,Mid-Market,North,Chandigarh,Energy
C00524,Customer 0524,Enterprise,West,Ahmedabad,Automotive
C00525,Customer 0525,SMB,North,Delhi,Construction
C00526,Customer 0526,Mid-Market,South,Bengaluru,Healthcare
C00527,Customer 0527,Mid-Market,Central,Nagpur,Construction
C00528,Customer 0528,Mid-Market,Central,Nagpur,Automotive
C00529,Customer 0529,SMB,East,Kolkata,Healthcare
C00530,Customer 0530,Mid-Market,South,Bengaluru,Construction
C00531,Customer 0531,Mid-Market,East,Kolkata,Healthcare
C00532,Customer 0532,Mid-Market,East,Guwahati,Construction
C00533,Customer 0533,Mid-Market,South,Chennai,Automotive
C00534,Customer 0534,Mid-Market,West,Ahmedabad,Construction
C00535,Customer 0535,Mid-Market,North,Chandigarh,Automotive
C00536,Customer 0536,Mid-Market,North,Chandigarh,Logistics
C00537,Customer 0537,Mid-Market,West,Ahmedabad,Logistics
C00538,Customer 0538,Enterprise,North,Chandigarh,Construction
C00539,Customer 0539,SMB,North,Delhi,Healthcare
C00540,Customer 0540,Mid-Market,Central,Nagpur,Healthcare
C00541,Customer 0541,Mid-Market,Central,Bhopal,Healthcare
C00542,Customer 0542,Mid-Market,West,Pune,Healthcare
C00543,Customer 0543,Mid-Market,Central,Bhopal,Manufacturing
C00544,Customer 0544,Mid-Market,Central,Bhopal,Automotive
C00545,Customer 0545,SMB,North,Delhi,Automotive
C00546,Customer 0546,Mid-Market,South,Chennai,Energy
C00547,Customer 0547,SMB,South,Hyderabad,Automotive
C00548,Customer 0548,SMB,North,Chandigarh,Logistics
C00549,Customer 0549,Mid-Market,East,Kolkata,Energy
C00550,Customer 0550,Mid-Market,South,Hyderabad,Energy
C00551,Customer 0551,Mid-Market,West,Mumbai,Construction
C00552,Customer 0552,Mid-Market,North,Delhi,Manufacturing
C00553,Customer 0553,Mid-Market,North,Lucknow,Healthcare
C00554,Customer 0554,Mid-Market,Central,Indore,Healthcare
C00555,Customer 0555,Mid-Market,North,Chandigarh,Healthcare
C00556,Customer 0556,Enterprise,South,Bengaluru,Logistics
C00557,Customer 0557,SMB,South,Bengaluru,Construction
C00558,Customer 0558,Mid-Market,West,Pune,Healthcare
C00559,Customer 0559,SMB,West,Ahmedabad,Automotive
C00560,Customer 0560,Enterprise,West,Ahmedabad,Manufacturing
C00561,Customer 0561,Mid-Market,North,Chandigarh,Construction
C00562,Customer 0562,Enterprise,South,Hyderabad,Automotive
C00563,Customer 0563,Mid-Market,Central,Bhopal,Automotive
C00564,Customer 0564,Mid-Market,West,Mumbai,Automotive
C00565,Customer 0565,SMB,West,Ahmedabad,Energy
C00566,Customer 0566,Mid-Market,East,Kolkata,Construction
C00567,Customer 0567,Mid-Market,East,Kolkata,Manufacturing
C00568,Customer 0568,Mid-Market,North,Chandigarh,Automotive
C00569,Customer 0569,Mid-Market,South,Bengaluru,Logistics
C00570,Customer 0570,Mid-Market,West,Ahmedabad,Energy
C00571,Customer 0571,Mid-Market,South,Chennai,Manufacturing
C00572,Customer 0572,Enterprise,Central,Nagpur,Healthcare
C00573,Customer 0573,Enterprise,West,Ahmedabad,Healthcare
C00574,Customer 0574,Enterprise,East,Guwahati,Automotive
C00575,Customer 0575,SMB,Central,Bhopal,Automotive
C00576,Customer 0576,Mid-Market,West,Ahmedabad,Healthcare
C00577,Customer 0577,Enterprise,Central,Nagpur,Healthcare
C00578,Customer 0578,SMB,West,Mumbai,Healthcare
C00579,Customer 0579,Enterprise,Central,Bhopal,Automotive
C00580,Customer 0580,Mid-Market,South,Hyderabad,Construction
C00581,Customer 0581,SMB,West,Ahmedabad,Healthcare
C00582,Customer 0582,SMB,West,Ahmedabad,Healthcare
C00583,Customer 0583,SMB,North,Delhi,Manufacturing
C00584,Customer 0584,Mid-Market,South,Hyderabad,Healthcare
C00585,Customer 0585,SMB,Central,Indore,Construction
C00586,Customer 0586,Enterprise,West,Mumbai,Manufacturing
C00587,Customer 0587,SMB,North,Lucknow,Energy
C00588,Customer 0588,SMB,South,Chennai,Manufacturing
C00589,Customer 0589,SMB,North,Lucknow,Automotive
C00590,Customer 0590,Mid-Market,North,Lucknow,Healthcare
C00591,Customer 0591,Enterprise,Central,Nagpur,Manufacturing
C00592,Customer 0592,Mid-Market,South,Hyderabad,Logistics
C00593,Customer 0593,Mid-Market,South,Chennai,Logistics
C00594,Customer 0594,Mid-Market,West,Pune,Logistics
C00595,Customer 0595,SMB,North,Chandigarh,Logistics
C00596,Customer 0596,Mid-Market,South,Bengaluru,Automotive
C00597,Customer 0597,Mid-Market,East,Guwahati,Logistics
C00598,Customer 0598,Mid-Market,West,Ahmedabad,Logistics
C00599,Customer 0599,Enterprise,Central,Bhopal,Logistics
C00600,Customer 0600,Enterprise,West,Pune,Construction
C00601,Customer 0601,Enterprise,West,Mumbai,Automotive
C00602,Customer 0602,SMB,East,Kolkata,Construction
C00603,Customer 0603,SMB,Central,Nagpur,Healthcare
C00604,Customer 0604,Mid-Market,East,Guwahati,Logistics
C00605,Customer 0605,Mid-Market,Central,Bhopal,Healthcare
C00606,Customer 0606,Mid-Market,East,Guwahati,Healthcare
C00607,Customer 0607,SMB,Central,Nagpur,Healthcare
C00608,Customer 0608,SMB,North,Lucknow,Logistics
C00609,Customer 0609,Mid-Market,East,Guwahati,Logistics
C00610,Customer 0610,SMB,South,Bengaluru,Logistics
C00611,Customer 0611,Mid-Market,West,Ahmedabad,Construction
C00612,Customer 0612,Mid-Market,West,Mumbai,Healthcare
C00613,Customer 0613,SMB,Central,Nagpur,Automotive
C00614,Customer 0614,Mid-Market,Central,Bhopal,Healthcare
C00615,Customer 0615,Mid-Market,South,Hyderabad,Healthcare
C00616,Customer 0616,Mid-Market,East,Guwahati,Healthcare
C00617,Customer 0617,Mid-Market,East,Kolkata,Construction
C00618,Customer 0618,Mid-Market,South,Hyderabad,Manufacturing
C00619,Customer 0619,Mid-Market,North,Lucknow,Construction
C00620,Customer 0620,Mid-Market,North,Chandigarh,Healthcare
C00621,Customer 0621,Enterprise,East,Guwahati,Healthcare
C00622,Customer 0622,SMB,West,Pune,Logistics
C00623,Customer 0623,Mid-Market,Central,Bhopal,Healthcare
C00624,Customer 0624,SMB,West,Pune,Manufacturing
C00625,Customer 0625,Enterprise,Central,Bhopal,Logistics
C00626,Customer 0626,Mid-Market,South,Bengaluru,Healthcare
C00627,Customer 0627,Mid-Market,East,Kolkata,Logistics
C00628,Customer 0628,SMB,North,Delhi,Healthcare
C00629,Customer 0629,Enterprise,West,Ahmedabad,Construction
C00630,Customer 0630,SMB,East,Kolkata,Logistics
C00631,Customer 0631,Mid-Market,Central,Indore,Logistics
C00632,Customer 0632,Mid-Market,Central,Bhopal,Healthcare
C00633,Customer 0633,Mid-Market,North,Chandigarh,Energy
C00634,Customer 0634,Enterprise,South,Bengaluru,Energy
C00635,Customer 0635,Mid-Market,North,Delhi,Construction
C00636,Customer 0636,Mid-Market,North,Delhi,Energy
C00637,Customer 0637,Mid-Market,East,Guwahati,Construction
C00638,Customer 0638,Mid-Market,East,Bhubaneswar,Construction
C00639,Customer 0639,Mid-Market,East,Guwahati,Energy
C00640,Customer 0640,Enterprise,Central,Indore,Construction
C00641,Customer 0641,Enterprise,East,Bhubaneswar,Logistics
C00642,Customer 0642,Enterprise,East,Kolkata,Healthcare
C00643,Customer 0643,Enterprise,North,Chandigarh,Energy
C00644,Customer 0644,Mid-Market,South,Hyderabad,Automotive
C00645,Customer 0645,Enterprise,West,Ahmedabad,Construction
C00646,Customer 0646,SMB,Central,Nagpur,Healthcare
C00647,Customer 0647,Enterprise,North,Lucknow,Manufacturing
C00648,Customer 0648,Enterprise,West,Pune,Energy
C00649,Customer 0649,SMB,East,Kolkata,Construction
C00650,Customer 0650,Mid-Market,North,Lucknow,Construction
C00651,Customer 0651,Mid-Market,South,Hyderabad,Construction
C00652,Customer 0652,SMB,Central,Indore,Manufacturing
C00653,Customer 0653,SMB,East,Guwahati,Construction
C00654,Customer 0654,SMB,South,Chennai,Healthcare
C00655,Customer 0655,Enterprise,Central,Indore,Healthcare
C00656,Customer 0656,Mid-Market,South,Chennai,Energy
C00657,Customer 0657,SMB,Central,Bhopal,Construction
C00658,Customer 0658,SMB,South,Chennai,Logistics
C00659,Customer 0659,Enterprise,West,Mumbai,Logistics
C00660,Customer 0660,Mid-Market,South,Hyderabad,Healthcare
C00661,Customer 0661,Mid-Market,South,Hyderabad,Construction
C00662,Customer 0662,Enterprise,Central,Nagpur,Healthcare
C00663,Customer 0663,Mid-Market,North,Chandigarh,Automotive
C00664,Customer 0664,Mid-Market,North,Chandigarh,Energy
C00665,Customer 0665,Mid-Market,South,Hyderabad,Healthcare
C00666,Customer 0666,Enterprise,East,Guwahati,Energy
C00667,Customer 0667,Mid-Market,East,Bhubaneswar,Construction
C00668,Customer 0668,Enterprise,Central,Indore,Logistics
C00669,Customer 0669,Mid-Market,South,Bengaluru,Logistics
C00670,Customer 0670,Enterprise,South,Chennai,Logistics
C00671,Customer 0671,SMB,North,Lucknow,Energy
C00672,Customer 0672,Enterprise,West,Pune,Manufacturing
C00673,Customer 0673,Mid-Market,Central,Indore,Automotive
C00674,Customer 0674,Enterprise,East,Guwahati,Automotive
C00675,Customer 0675,Enterprise,West,Mumbai,Automotive
C00676,Customer 0676,Enterprise,South,Hyderabad,Logistics
C00677,Customer 0677,Enterprise,Central,Indore,Automotive
C00678,Customer 0678,Enterprise,West,Mumbai,Construction
C00679,Customer 0679,Mid-Market,North,Lucknow,Manufacturing
C00680,Customer 0680,Mid-Market,South,Hyderabad,Energy
C00681,Customer 0681,Enterprise,North,Delhi,Energy
C00682,Customer 0682,Mid-Market,North,Chandigarh,Construction
C00683,Customer 0683,Mid-Market,North,Delhi,Automotive
C00684,Customer 0684,Mid-Market,South,Hyderabad,Energy
C00685,Customer 0685,Mid-Market,West,Pune,Logistics
C00686,Customer 0686,Enterprise,South,Hyderabad,Energy
C00687,Customer 0687,Mid-Market,South,Chennai,Logistics
C00688,Customer 0688,Mid-Market,Central,Indore,Logistics
C00689,Customer 0689,SMB,East,Kolkata,Manufacturing
C00690,Customer 0690,SMB,West,Pune,Construction
C00691,Customer 0691,SMB,South,Chennai,Manufacturing
C00692,Customer 0692,Mid-Market,Central,Nagpur,Automotive
C00693,Customer 0693,Enterprise,South,Bengaluru,Healthcare
C00694,Customer 0694,Mid-Market,South,Chennai,Automotive
C00695,Customer 0695,Mid-Market,Central,Nagpur,Automotive
C00696,Customer 0696,Enterprise,West,Mumbai,Energy
C00697,Customer 0697,Enterprise,East,Bhubaneswar,Healthcare
C00698,Customer 0698,Mid-Market,West,Mumbai,Manufacturing
C00699,Customer 0699,Mid-Market,West,Ahmedabad,Automotive
C00700,Customer 0700,Enterprise,South,Bengaluru,Healthcare
C00701,Customer 0701,SMB,South,Hyderabad,Healthcare
C00702,Customer 0702,Mid-Market,South,Hyderabad,Automotive
C00703,Customer 0703,SMB,North,Delhi,Automotive
C00704,Customer 0704,Mid-Market,Central,Nagpur,Automotive
C00705,Customer 0705,Mid-Market,South,Bengaluru,Manufacturing
C00706,Customer 0706,Enterprise,West,Pune,Manufacturing
C00707,Customer 0707,Mid-Market,East,Guwahati,Automotive
C00708,Customer 0708,Enterprise,East,Guwahati,Energy
C00709,Customer 0709,Enterprise,South,Bengaluru,Construction
C00710,Customer 0710,Mid-Market,West,Mumbai,Manufacturing
C00711,Customer 0711,Mid-Market,Central,Nagpur,Logistics
C00712,Customer 0712,Enterprise,East,Guwahati,Healthcare
C00713,Customer 0713,SMB,East,Guwahati,Automotive
C00714,Customer 0714,Enterprise,Central,Indore,Logistics
C00715,Customer 0715,Mid-Market,East,Kolkata,Logistics
C00716,Customer 0716,Mid-Market,North,Delhi,Logistics
C00717,Customer 0717,Mid-Market,West,Mumbai,Construction
C00718,Customer 0718,Mid-Market,North,Chandigarh,Logistics
C00719,Customer 0719,Enterprise,West,Ahmedabad,Automotive
C00720,Customer 0720,SMB,Central,Indore,Energy
C00721,Customer 0721,Mid-Market,West,Ahmedabad,Construction
C00722,Customer 0722,Enterprise,South,Hyderabad,Logistics
C00723,Customer 0723,Mid-Market,North,Chandigarh,Logistics
C00724,Customer 0724,SMB,Central,Bhopal,Manufacturing
C00725,Customer 0725,SMB,North,Delhi,Energy
C00726,Customer 0726,SMB,North,Lucknow,Logistics
C00727,Customer 0727,Mid-Market,South,Bengaluru,Healthcare
C00728,Customer 0728,Mid-Market,North,Chandigarh,Healthcare
C00729,Customer 0729,Mid-Market,South,Chennai,Automotive
C00730,Customer 0730,SMB,West,Pune,Healthcare
C00731,Customer 0731,Mid-Market,South,Bengaluru,Logistics
C00732,Customer 0732,Mid-Market,North,Chandigarh,Energy
C00733,Customer 0733,Mid-Market,North,Chandigarh,Construction
C00734,Customer 0734,Mid-Market,South,Bengaluru,Healthcare
C00735,Customer 0735,Enterprise,North,Lucknow,Construction
C00736,Customer 0736,Mid-Market,East,Kolkata,Healthcare
C00737,Customer 0737,Mid-Market,North,Chandigarh,Manufacturing
C00738,Customer 0738,SMB,South,Hyderabad,Manufacturing
C00739,Customer 0739,Mid-Market,South,Bengaluru,Energy
C00740,Customer 0740,SMB,South,Chennai,Energy
C00741,Customer 0741,Mid-Market,North,Chandigarh,Logistics
C00742,Customer 0742,SMB,North,Delhi,Logistics
C00743,Customer 0743,Enterprise,Central,Nagpur,Logistics
C00744,Customer 0744,SMB,North,Chandigarh,Energy
C00745,Customer 0745,Mid-Market,West,Pune,Logistics
C00746,Customer 0746,Mid-Market,West,Ahmedabad,Manufacturing
C00747,Customer 0747,Mid-Market,South,Hyderabad,Construction
C00748,Customer 0748,Mid-Market,South,Chennai,Manufacturing
C00749,Customer 0749,Mid-Market,East,Bhubaneswar,Manufacturing
C00750,Customer 0750,SMB,Central,Nagpur,Manufacturing
C00751,Customer 0751,SMB,South,Bengaluru,Manufacturing
C00752,Customer 0752,Mid-Market,South,Hyderabad,Construction
C00753,Customer 0753,Mid-Market,South,Bengaluru,Logistics
C00754,Customer 0754,Mid-Market,West,Ahmedabad,Logistics
C00755,Customer 0755,SMB,East,Guwahati,Construction
C00756,Customer 0756,SMB,South,Chennai,Energy
C00757,Customer 0757,Mid-Market,South,Chennai,Manufacturing
C00758,Customer 0758,SMB,Central,Indore,Healthcare
C00759,Customer 0759,Mid-Market,North,Delhi,Automotive
C00760,Customer 0760,SMB,West,Ahmedabad,Energy
C00761,Customer 0761,SMB,East,Bhubaneswar,Energy
C00762,Customer 0762,SMB,North,Delhi,Energy
C00763,Customer 0763,Enterprise,North,Delhi,Energy
C00764,Customer 0764,Mid-Market,North,Lucknow,Energy
C00765,Customer 0765,Enterprise,Central,Nagpur,Construction
C00766,Customer 0766,SMB,North,Delhi,Healthcare
C00767,Customer 0767,Mid-Market,North,Lucknow,Healthcare
C00768,Customer 0768,Mid-Market,North,Delhi,Automotive
C00769,Customer 0769,SMB,North,Chandigarh,Construction
C00770,Customer 0770,Enterprise,West,Mumbai,Construction
C00771,Customer 0771,Mid-Market,South,Hyderabad,Construction
C00772,Customer 0772,Mid-Market,West,Pune,Manufacturing
C00773,Customer 0773,Mid-Market,West,Ahmedabad,Construction
C00774,Customer 0774,Enterprise,Central,Nagpur,Energy
C00775,Customer 0775,Enterprise,North,Delhi,Construction
C00776,Customer 0776,Mid-Market,Central,Indore,Manufacturing
C00777,Customer 0777,Mid-Market,West,Mumbai,Healthcare
C00778,Customer 0778,Mid-Market,North,Chandigarh,Automotive
C00779,Customer 0779,Enterprise,East,Kolkata,Automotive
C00780,Customer 0780,Mid-Market,Central,Nagpur,Manufacturing
C00781,Customer 0781,Mid-Market,South,Chennai,Manufacturing
C00782,Customer 0782,Mid-Market,Central,Bhopal,Automotive
C00783,Customer 0783,SMB,South,Hyderabad,Automotive
C00784,Customer 0784,Mid-Market,West,Ahmedabad,Logistics
C00785,Customer 0785,Mid-Market,Central,Bhopal,Energy
C00786,Customer 0786,SMB,South,Hyderabad,Logistics
C00787,Customer 0787,Mid-Market,East,Guwahati,Logistics
C00788,Customer 0788,Mid-Market,South,Bengaluru,Automotive
C00789,Customer 0789,Enterprise,East,Guwahati,Logistics
C00790,Customer 0790,Enterprise,West,Mumbai,Manufacturing
C00791,Customer 0791,Enterprise,North,Lucknow,Healthcare
C00792,Customer 0792,SMB,South,Chennai,Healthcare
C00793,Customer 0793,SMB,South,Hyderabad,Energy
C00794,Customer 0794,Enterprise,North,Delhi,Manufacturing
C00795,Customer 0795,Enterprise,North,Chandigarh,Manufacturing
C00796,Customer 0796,Mid-Market,South,Hyderabad,Automotive
C00797,Customer 0797,Mid-Market,North,Lucknow,Construction
C00798,Customer 0798,Mid-Market,North,Lucknow,Logistics
C00799,Customer 0799,Mid-Market,East,Bhubaneswar,Automotive
C00800,Customer 0800,SMB,East,Guwahati,Manufacturing
C00801,Customer 0801,Mid-Market,East,Bhubaneswar,Energy
C00802,Customer 0802,Mid-Market,South,Hyderabad,Healthcare
C00803,Customer 0803,Mid-Market,Central,Bhopal,Logistics
C00804,Customer 0804,Mid-Market,West,Ahmedabad,Manufacturing
C00805,Customer 0805,SMB,North,Chandigarh,Healthcare
C00806,Customer 0806,Enterprise,North,Chandigarh,Manufacturing
C00807,Customer 0807,SMB,East,Guwahati,Healthcare
C00808,Customer 0808,SMB,North,Lucknow,Healthcare
C00809,Customer 0809,SMB,West,Pune,Healthcare
C00810,Customer 0810,Mid-Market,Central,Indore,Construction
C00811,Customer 0811,Mid-Market,North,Delhi,Energy
C00812,Customer 0812,SMB,North,Delhi,Automotive
C00813,Customer 0813,SMB,Central,Nagpur,Logistics
C00814,Customer 0814,Mid-Market,West,Pune,Logistics
C00815,Customer 0815,SMB,North,Lucknow,Manufacturing
C00816,Customer 0816,Mid-Market,Central,Indore,Logistics
C00817,Customer 0817,Mid-Market,Central,Bhopal,Logistics
C00818,Customer 0818,SMB,West,Pune,Energy
C00819,Customer 0819,Mid-Market,West,Mumbai,Healthcare
C00820,Customer 0820,Mid-Market,South,Hyderabad,Manufacturing
C00821,Customer 0821,SMB,North,Delhi,Healthcare
C00822,Customer 0822,SMB,West,Ahmedabad,Automotive
C00823,Customer 0823,SMB,South,Chennai,Logistics
C00824,Customer 0824,Mid-Market,East,Guwahati,Manufacturing
C00825,Customer 0825,SMB,Central,Nagpur,Logistics
C00826,Customer 0826,Enterprise,North,Chandigarh,Logistics
C00827,Customer 0827,Mid-Market,West,Mumbai,Logistics
C00828,Customer 0828,Mid-Market,South,Chennai,Energy
C00829,Customer 0829,SMB,Central,Indore,Logistics
C00830,Customer 0830,SMB,South,Bengaluru,Energy
C00831,Customer 0831,SMB,West,Mumbai,Logistics
C00832,Customer 0832,Mid-Market,West,Pune,Logistics
C00833,Customer 0833,Mid-Market,South,Bengaluru,Logistics
C00834,Customer 0834,Mid-Market,East,Kolkata,Healthcare
C00835,Customer 0835,Mid-Market,East,Bhubaneswar,Automotive
C00836,Customer 0836,Enterprise,West,Ahmedabad,Healthcare
C00837,Customer 0837,Mid-Market,East,Bhubaneswar,Healthcare
C00838,Customer 0838,SMB,Central,Bhopal,Automotive
C00839,Customer 0839,SMB,South,Chennai,Energy
C00840,Customer 0840,SMB,West,Ahmedabad,Energy
C00841,Customer 0841,Mid-Market,North,Chandigarh,Logistics
C00842,Customer 0842,Mid-Market,East,Guwahati,Construction
C00843,Customer 0843,Enterprise,West,Ahmedabad,Healthcare
C00844,Customer 0844,Mid-Market,South,Chennai,Manufacturing
C00845,Customer 0845,Mid-Market,North,Chandigarh,Manufacturing
C00846,Customer 0846,Mid-Market,Central,Indore,Healthcare
C00847,Customer 0847,Enterprise,South,Hyderabad,Healthcare
C00848,Customer 0848,Mid-Market,East,Guwahati,Energy
C00849,Customer 0849,Mid-Market,North,Lucknow,Energy
C00850,Customer 0850,Mid-Market,Central,Nagpur,Logistics
C00851,Customer 0851,Mid-Market,North,Delhi,Construction
C00852,Customer 0852,Mid-Market,North,Chandigarh,Energy
C00853,Customer 0853,Mid-Market,Central,Bhopal,Logistics
C00854,Customer 0854,Mid-Market,Central,Nagpur,Healthcare
C00855,Customer 0855,Mid-Market,North,Chandigarh,Healthcare
C00856,Customer 0856,Enterprise,West,Pune,Healthcare
C00857,Customer 0857,SMB,East,Kolkata,Logistics
C00858,Customer 0858,Enterprise,Central,Indore,Automotive
C00859,Customer 0859,Mid-Market,South,Chennai,Energy
C00860,Customer 0860,Enterprise,West,Mumbai,Manufacturing
C00861,Customer 0861,Mid-Market,East,Guwahati,Manufacturing
C00862,Customer 0862,Mid-Market,East,Kolkata,Automotive
C00863,Customer 0863,SMB,East,Bhubaneswar,Logistics
C00864,Customer 0864,Mid-Market,West,Pune,Energy
C00865,Customer 0865,Mid-Market,North,Lucknow,Automotive
C00866,Customer 0866,Mid-Market,Central,Bhopal,Energy
C00867,Customer 0867,Enterprise,Central,Nagpur,Logistics
C00868,Customer 0868,Mid-Market,East,Bhubaneswar,Energy
C00869,Customer 0869,Mid-Market,North,Lucknow,Manufacturing
C00870,Customer 0870,Mid-Market,North,Chandigarh,Energy
C00871,Customer 0871,SMB,East,Kolkata,Energy
C00872,Customer 0872,SMB,North,Chandigarh,Logistics
C00873,Customer 0873,SMB,Central,Indore,Manufacturing
C00874,Customer 0874,Mid-Market,South,Hyderabad,Energy
C00875,Customer 0875,SMB,East,Bhubaneswar,Logistics
C00876,Customer 0876,Mid-Market,Central,Indore,Construction
C00877,Customer 0877,Mid-Market,South,Bengaluru,Logistics
C00878,Customer 0878,SMB,South,Chennai,Logistics
C00879,Customer 0879,Mid-Market,West,Pune,Automotive
C00880,Customer 0880,SMB,West,Mumbai,Automotive
C00881,Customer 0881,SMB,South,Chennai,Energy
C00882,Customer 0882,Enterprise,West,Ahmedabad,Healthcare
C00883,Customer 0883,Mid-Market,Central,Bhopal,Logistics
C00884,Customer 0884,Mid-Market,West,Ahmedabad,Logistics
C00885,Customer 0885,SMB,North,Lucknow,Healthcare
C00886,Customer 0886,SMB,South,Hyderabad,Manufacturing
C00887,Customer 0887,Enterprise,South,Bengaluru,Construction
C00888,Customer 0888,Enterprise,North,Lucknow,Healthcare
C00889,Customer 0889,Enterprise,North,Delhi,Automotive
C00890,Customer 0890,Mid-Market,East,Kolkata,Manufacturing
C00891,Customer 0891,Enterprise,South,Chennai,Construction
C00892,Customer 0892,SMB,Central,Bhopal,Energy
C00893,Customer 0893,Mid-Market,South,Hyderabad,Energy
C00894,Customer 0894,SMB,North,Lucknow,Manufacturing
C00895,Customer 0895,Mid-Market,East,Guwahati,Logistics
C00896,Customer 0896,Mid-Market,Central,Bhopal,Healthcare
C00897,Customer 0897,Enterprise,South,Bengaluru,Logistics
C00898,Customer 0898,SMB,North,Chandigarh,Construction
C00899,Customer 0899,Enterprise,North,Delhi,Healthcare
C00900,Customer 0900,Enterprise,West,Ahmedabad,Logistics
C00901,Customer 0901,Enterprise,West,Mumbai,Automotive
C00902,Customer 0902,SMB,South,Chennai,Construction
C00903,Customer 0903,Enterprise,North,Delhi,Energy
C00904,Customer 0904,Mid-Market,West,Pune,Construction
C00905,Customer 0905,SMB,Central,Indore,Logistics
C00906,Customer 0906,SMB,West,Ahmedabad,Construction
C00907,Customer 0907,Enterprise,West,Pune,Healthcare
C00908,Customer 0908,Enterprise,North,Lucknow,Manufacturing
C00909,Customer 0909,Mid-Market,South,Bengaluru,Logistics
C00910,Customer 0910,Enterprise,South,Hyderabad,Construction
C00911,Customer 0911,Mid-Market,East,Guwahati,Energy
C00912,Customer 0912,Mid-Market,Central,Bhopal,Logistics
C00913,Customer 0913,Mid-Market,Central,Indore,Healthcare
C00914,Customer 0914,Enterprise,Central,Nagpur,Logistics
C00915,Customer 0915,Mid-Market,Central,Nagpur,Manufacturing
C00916,Customer 0916,Enterprise,Central,Nagpur,Manufacturing
C00917,Customer 0917,Mid-Market,North,Chandigarh,Construction
C00918,Customer 0918,Enterprise,North,Delhi,Healthcare
C00919,Customer 0919,SMB,South,Chennai,Energy
C00920,Customer 0920,Mid-Market,West,Mumbai,Energy
C00921,Customer 0921,Enterprise,North,Delhi,Automotive
C00922,Customer 0922,Enterprise,Central,Bhopal,Manufacturing
C00923,Customer 0923,Mid-Market,West,Ahmedabad,Manufacturing
C00924,Customer 0924,Enterprise,West,Pune,Manufacturing
C00925,Customer 0925,Enterprise,North,Lucknow,Automotive
C00926,Customer 0926,SMB,South,Hyderabad,Construction
C00927,Customer 0927,Mid-Market,North,Chandigarh,Manufacturing
C00928,Customer 0928,Enterprise,Central,Indore,Energy
C00929,Customer 0929,Mid-Market,West,Mumbai,Automotive
C00930,Customer 0930,Mid-Market,East,Bhubaneswar,Healthcare
C00931,Customer 0931,SMB,South,Hyderabad,Energy
C00932,Customer 0932,Enterprise,South,Chennai,Energy
C00933,Customer 0933,SMB,South,Hyderabad,Manufacturing
C00934,Customer 0934,SMB,East,Guwahati,Healthcare
C00935,Customer 0935,Enterprise,East,Bhubaneswar,Manufacturing
C00936,Customer 0936,Enterprise,North,Delhi,Energy
C00937,Customer 0937,Mid-Market,Central,Bhopal,Construction
C00938,Customer 0938,SMB,North,Chandigarh,Logistics
C00939,Customer 0939,Mid-Market,Central,Nagpur,Logistics
C00940,Customer 0940,Mid-Market,North,Chandigarh,Healthcare
C00941,Customer 0941,SMB,South,Bengaluru,Energy
C00942,Customer 0942,SMB,Central,Nagpur,Construction
C00943,Customer 0943,Mid-Market,North,Chandigarh,Construction
C00944,Customer 0944,Mid-Market,South,Hyderabad,Manufacturing
C00945,Customer 0945,SMB,South,Bengaluru,Healthcare
C00946,Customer 0946,Mid-Market,South,Hyderabad,Logistics
C00947,Customer 0947,SMB,East,Bhubaneswar,Construction
C00948,Customer 0948,Enterprise,Central,Nagpur,Automotive
C00949,Customer 0949,Enterprise,Central,Indore,Energy
C00950,Customer 0950,SMB,South,Hyderabad,Automotive
C00951,Customer 0951,Mid-Market,West,Mumbai,Healthcare
C00952,Customer 0952,Enterprise,South,Hyderabad,Energy
C00953,Customer 0953,Enterprise,South,Bengaluru,Healthcare
C00954,Customer 0954,Mid-Market,North,Chandigarh,Healthcare
C00955,Customer 0955,SMB,Central,Bhopal,Construction
C00956,Customer 0956,Enterprise,Central,Bhopal,Construction
C00957,Customer 0957,Enterprise,East,Guwahati,Automotive
C00958,Customer 0958,Mid-Market,West,Ahmedabad,Manufacturing
C00959,Customer 0959,SMB,West,Mumbai,Manufacturing
C00960,Customer 0960,Mid-Market,West,Pune,Logistics
C00961,Customer 0961,SMB,West,Pune,Automotive
C00962,Customer 0962,SMB,South,Chennai,Logistics
C00963,Customer 0963,Mid-Market,North,Chandigarh,Manufacturing
C00964,Customer 0964,SMB,North,Lucknow,Logistics
C00965,Customer 0965,Mid-Market,Central,Indore,Energy
C00966,Customer 0966,Mid-Market,West,Mumbai,Healthcare
C00967,Customer 0967,Mid-Market,Central,Indore,Logistics
C00968,Customer 0968,SMB,North,Chandigarh,Construction
C00969,Customer 0969,SMB,West,Pune,Logistics
C00970,Customer 0970,SMB,North,Delhi,Healthcare
C00971,Customer 0971,SMB,South,Chennai,Healthcare
C00972,Customer 0972,Mid-Market,North,Lucknow,Construction
C00973,Customer 0973,SMB,North,Chandigarh,Logistics
C00974,Customer 0974,SMB,Central,Indore,Manufacturing
C00975,Customer 0975,Enterprise,South,Chennai,Construction
C00976,Customer 0976,Enterprise,West,Ahmedabad,Construction
C00977,Customer 0977,Mid-Market,West,Mumbai,Logistics
C00978,Customer 0978,SMB,South,Bengaluru,Automotive
C00979,Customer 0979,Mid-Market,West,Pune,Automotive
C00980,Customer 0980,SMB,North,Chandigarh,Construction
C00981,Customer 0981,Enterprise,Central,Indore,Logistics
C00982,Customer 0982,Mid-Market,East,Guwahati,Manufacturing
C00983,Customer 0983,Mid-Market,East,Bhubaneswar,Construction
C00984,Customer 0984,Enterprise,West,Pune,Healthcare
C00985,Customer 0985,SMB,North,Delhi,Healthcare
C00986,Customer 0986,Enterprise,Central,Bhopal,Automotive
C00987,Customer 0987,SMB,South,Bengaluru,Construction
C00988,Customer 0988,Enterprise,North,Lucknow,Automotive
C00989,Customer 0989,SMB,South,Hyderabad,Automotive
C00990,Customer 0990,Mid-Market,East,Guwahati,Logistics
C00991,Customer 0991,Enterprise,West,Mumbai,Manufacturing
C00992,Customer 0992,Enterprise,East,Kolkata,Construction
C00993,Customer 0993,Enterprise,East,Guwahati,Healthcare
C00994,Customer 0994,Mid-Market,North,Lucknow,Logistics
C00995,Customer 0995,SMB,Central,Nagpur,Automotive
C00996,Customer 0996,Mid-Market,South,Bengaluru,Healthcare
C00997,Customer 0997,Mid-Market,West,Ahmedabad,Manufacturing
C00998,Customer 0998,Mid-Market,North,Chandigarh,Automotive
C00999,Customer 0999,Mid-Market,Central,Bhopal,Construction
C01000,Customer 1000,Mid-Market,South,Chennai,Healthcare
C01001,Customer 1001,Mid-Market,North,Lucknow,Logistics
C01002,Customer 1002,SMB,South,Chennai,Construction
C01003,Customer 1003,SMB,North,Lucknow,Manufacturing
C01004,Customer 1004,Mid-Market,North,Chandigarh,Manufacturing
C01005,Customer 1005,Enterprise,West,Mumbai,Logistics
C01006,Customer 1006,Enterprise,South,Hyderabad,Logistics
C01007,Customer 1007,Mid-Market,Central,Bhopal,Logistics
C01008,Customer 1008,Mid-Market,South,Chennai,Manufacturing
C01009,Customer 1009,SMB,East,Bhubaneswar,Logistics
C01010,Customer 1010,Mid-Market,West,Ahmedabad,Manufacturing
C01011,Customer 1011,Mid-Market,West,Mumbai,Manufacturing
C01012,Customer 1012,SMB,West,Pune,Construction
C01013,Customer 1013,Mid-Market,West,Pune,Logistics
C01014,Customer 1014,SMB,Central,Bhopal,Logistics
C01015,Customer 1015,Enterprise,South,Bengaluru,Automotive
C01016,Customer 1016,Mid-Market,North,Delhi,Automotive
C01017,Customer 1017,SMB,East,Bhubaneswar,Construction
C01018,Customer 1018,SMB,Central,Indore,Healthcare
C01019,Customer 1019,SMB,North,Chandigarh,Manufacturing
C01020,Customer 1020,Mid-Market,South,Hyderabad,Automotive
C01021,Customer 1021,SMB,Central,Bhopal,Construction
C01022,Customer 1022,Mid-Market,East,Guwahati,Healthcare
C01023,Customer 1023,Mid-Market,Central,Indore,Automotive
C01024,Customer 1024,Enterprise,West,Mumbai,Healthcare
C01025,Customer 1025,Enterprise,West,Mumbai,Automotive
C01026,Customer 1026,Mid-Market,South,Bengaluru,Manufacturing
C01027,Customer 1027,Enterprise,Central,Bhopal,Energy
C01028,Customer 1028,SMB,South,Bengaluru,Logistics
C01029,Customer 1029,SMB,East,Kolkata,Logistics
C01030,Customer 1030,SMB,South,Chennai,Manufacturing
C01031,Customer 1031,Enterprise,West,Ahmedabad,Healthcare
C01032,Customer 1032,SMB,East,Kolkata,Manufacturing
C01033,Customer 1033,Enterprise,West,Mumbai,Automotive
C01034,Customer 1034,Mid-Market,Central,Nagpur,Manufacturing
C01035,Customer 1035,SMB,South,Hyderabad,Construction
C01036,Customer 1036,Enterprise,West,Ahmedabad,Healthcare
C01037,Customer 1037,Enterprise,South,Hyderabad,Logistics
C01038,Customer 1038,Enterprise,South,Bengaluru,Healthcare
C01039,Customer 1039,Mid-Market,South,Hyderabad,Healthcare
C01040,Customer 1040,SMB,North,Chandigarh,Automotive
C01041,Customer 1041,Enterprise,North,Chandigarh,Construction
C01042,Customer 1042,Enterprise,East,Bhubaneswar,Automotive
C01043,Customer 1043,Mid-Market,West,Ahmedabad,Logistics
C01044,Customer 1044,Mid-Market,East,Guwahati,Automotive
C01045,Customer 1045,SMB,North,Delhi,Healthcare
C01046,Customer 1046,SMB,South,Hyderabad,Manufacturing
C01047,Customer 1047,SMB,North,Lucknow,Logistics
C01048,Customer 1048,SMB,East,Bhubaneswar,Automotive
C01049,Customer 1049,Mid-Market,Central,Nagpur,Manufacturing
C01050,Customer 1050,SMB,South,Bengaluru,Automotive
C01051,Customer 1051,Enterprise,East,Kolkata,Manufacturing
C01052,Customer 1052,Enterprise,North,Lucknow,Automotive
C01053,Customer 1053,Mid-Market,South,Chennai,Healthcare
C01054,Customer 1054,Enterprise,North,Lucknow,Manufacturing
C01055,Customer 1055,SMB,South,Bengaluru,Healthcare
C01056,Customer 1056,Mid-Market,East,Kolkata,Manufacturing
C01057,Customer 1057,SMB,Central,Indore,Logistics
C01058,Customer 1058,Mid-Market,North,Chandigarh,Automotive
C01059,Customer 1059,Mid-Market,West,Pune,Energy
C01060,Customer 1060,SMB,East,Guwahati,Energy
C01061,Customer 1061,Mid-Market,Central,Bhopal,Construction
C01062,Customer 1062,Mid-Market,West,Mumbai,Construction
C01063,Customer 1063,Mid-Market,South,Chennai,Manufacturing
C01064,Customer 1064,SMB,West,Mumbai,Construction
C01065,Customer 1065,SMB,South,Bengaluru,Energy
C01066,Customer 1066,Enterprise,Central,Nagpur,Manufacturing
C01067,Customer 1067,Mid-Market,South,Bengaluru,Energy
C01068,Customer 1068,Mid-Market,East,Bhubaneswar,Manufacturing
C01069,Customer 1069,Enterprise,North,Chandigarh,Automotive
C01070,Customer 1070,Mid-Market,South,Bengaluru,Automotive
C01071,Customer 1071,Mid-Market,Central,Nagpur,Construction
C01072,Customer 1072,Enterprise,West,Pune,Automotive
C01073,Customer 1073,Mid-Market,South,Chennai,Construction
C01074,Customer 1074,Enterprise,Central,Indore,Automotive
C01075,Customer 1075,Mid-Market,Central,Indore,Energy
C01076,Customer 1076,Enterprise,South,Hyderabad,Energy
C01077,Customer 1077,SMB,West,Mumbai,Healthcare
C01078,Customer 1078,Enterprise,West,Ahmedabad,Energy
C01079,Customer 1079,SMB,West,Mumbai,Healthcare
C01080,Customer 1080,Enterprise,South,Hyderabad,Construction
C01081,Customer 1081,Mid-Market,South,Chennai,Construction
C01082,Customer 1082,Mid-Market,Central,Indore,Construction
C01083,Customer 1083,Mid-Market,Central,Indore,Healthcare
C01084,Customer 1084,Mid-Market,Central,Bhopal,Manufacturing
C01085,Customer 1085,SMB,Central,Nagpur,Healthcare
C01086,Customer 1086,SMB,East,Kolkata,Healthcare
C01087,Customer 1087,Mid-Market,East,Kolkata,Healthcare
C01088,Customer 1088,Enterprise,East,Guwahati,Automotive
C01089,Customer 1089,SMB,West,Ahmedabad,Healthcare
C01090,Customer 1090,Mid-Market,South,Hyderabad,Logistics
C01091,Customer 1091,Enterprise,South,Hyderabad,Construction
C01092,Customer 1092,SMB,West,Ahmedabad,Construction
C01093,Customer 1093,Mid-Market,South,Bengaluru,Healthcare
C01094,Customer 1094,Mid-Market,South,Bengaluru,Construction
C01095,Customer 1095,Mid-Market,West,Ahmedabad,Logistics
C01096,Customer 1096,Mid-Market,South,Bengaluru,Manufacturing
C01097,Customer 1097,Enterprise,North,Lucknow,Energy
C01098,Customer 1098,SMB,East,Bhubaneswar,Energy
C01099,Customer 1099,Enterprise,Central,Bhopal,Construction
C01100,Customer 1100,SMB,North,Delhi,Logistics
C01101,Customer 1101,SMB,North,Lucknow,Healthcare
C01102,Customer 1102,SMB,South,Bengaluru,Construction
C01103,Customer 1103,Enterprise,East,Kolkata,Manufacturing
C01104,Customer 1104,Mid-Market,Central,Bhopal,Logistics
C01105,Customer 1105,Mid-Market,North,Chandigarh,Manufacturing
C01106,Customer 1106,Mid-Market,East,Guwahati,Automotive
C01107,Customer 1107,SMB,North,Delhi,Healthcare
C01108,Customer 1108,Mid-Market,South,Bengaluru,Energy
C01109,Customer 1109,SMB,Central,Nagpur,Energy
C01110,Customer 1110,Enterprise,North,Lucknow,Manufacturing
C01111,Customer 1111,Mid-Market,North,Chandigarh,Construction
C01112,Customer 1112,Enterprise,South,Chennai,Manufacturing
C01113,Customer 1113,SMB,West,Ahmedabad,Automotive
C01114,Customer 1114,Enterprise,Central,Bhopal,Manufacturing
C01115,Customer 1115,Mid-Market,Central,Nagpur,Logistics
C01116,Customer 1116,SMB,North,Lucknow,Logistics
C01117,Customer 1117,Mid-Market,North,Chandigarh,Energy
C01118,Customer 1118,Enterprise,East,Guwahati,Healthcare
C01119,Customer 1119,Enterprise,South,Hyderabad,Manufacturing
C01120,Customer 1120,Mid-Market,Central,Nagpur,Automotive
C01121,Customer 1121,Mid-Market,East,Bhubaneswar,Healthcare
C01122,Customer 1122,Enterprise,North,Chandigarh,Logistics
C01123,Customer 1123,Mid-Market,Central,Bhopal,Automotive
C01124,Customer 1124,Mid-Market,North,Lucknow,Construction
C01125,Customer 1125,Mid-Market,South,Hyderabad,Energy
C01126,Customer 1126,Mid-Market,West,Mumbai,Manufacturing
C01127,Customer 1127,Enterprise,West,Pune,Automotive
C01128,Customer 1128,Enterprise,East,Kolkata,Construction
C01129,Customer 1129,Mid-Market,West,Mumbai,Healthcare
C01130,Customer 1130,Enterprise,Central,Indore,Energy
C01131,Customer 1131,Mid-Market,Central,Nagpur,Automotive
C01132,Customer 1132,SMB,West,Ahmedabad,Automotive
C01133,Customer 1133,SMB,North,Chandigarh,Energy
C01134,Customer 1134,Mid-Market,East,Bhubaneswar,Construction
C01135,Customer 1135,Mid-Market,Central,Indore,Healthcare
C01136,Customer 1136,Mid-Market,South,Chennai,Energy
C01137,Customer 1137,SMB,West,Mumbai,Manufacturing
C01138,Customer 1138,Mid-Market,South,Chennai,Energy
C01139,Customer 1139,Mid-Market,North,Lucknow,Logistics
C01140,Customer 1140,Mid-Market,East,Guwahati,Manufacturing
C01141,Customer 1141,Enterprise,South,Bengaluru,Construction
C01142,Customer 1142,Mid-Market,East,Kolkata,Automotive
C01143,Customer 1143,SMB,Central,Indore,Manufacturing
C01144,Customer 1144,SMB,Central,Bhopal,Manufacturing
C01145,Customer 1145,Enterprise,South,Bengaluru,Construction
C01146,Customer 1146,Mid-Market,South,Chennai,Manufacturing
C01147,Customer 1147,Mid-Market,East,Kolkata,Manufacturing
C01148,Customer 1148,Mid-Market,East,Kolkata,Energy
C01149,Customer 1149,Mid-Market,West,Mumbai,Manufacturing
C01150,Customer 1150,Enterprise,Central,Bhopal,Healthcare
C01151,Customer 1151,SMB,North,Chandigarh,Manufacturing
C01152,Customer 1152,SMB,Central,Nagpur,Logistics
C01153,Customer 1153,Mid-Market,North,Chandigarh,Healthcare
C01154,Customer 1154,Mid-Market,North,Chandigarh,Logistics
C01155,Customer 1155,Mid-Market,West,Pune,Logistics
C01156,Customer 1156,Mid-Market,North,Chandigarh,Construction
C01157,Customer 1157,Enterprise,North,Delhi,Automotive
C01158,Customer 1158,Mid-Market,North,Delhi,Manufacturing
C01159,Customer 1159,Enterprise,South,Hyderabad,Manufacturing
C01160,Customer 1160,SMB,East,Kolkata,Automotive
C01161,Customer 1161,Mid-Market,North,Chandigarh,Manufacturing
C01162,Customer 1162,Mid-Market,West,Mumbai,Energy
C01163,Customer 1163,Mid-Market,Central,Bhopal,Energy
C01164,Customer 1164,SMB,North,Delhi,Manufacturing
C01165,Customer 1165,Enterprise,North,Delhi,Manufacturing
C01166,Customer 1166,Enterprise,Central,Nagpur,Logistics
C01167,Customer 1167,Enterprise,Central,Indore,Logistics
C01168,Customer 1168,Mid-Market,West,Pune,Manufacturing
C01169,Customer 1169,SMB,East,Kolkata,Automotive
C01170,Customer 1170,Mid-Market,North,Delhi,Manufacturing
C01171,Customer 1171,SMB,South,Chennai,Healthcare
C01172,Customer 1172,Mid-Market,East,Guwahati,Healthcare
C01173,Customer 1173,Mid-Market,South,Bengaluru,Logistics
C01174,Customer 1174,Enterprise,East,Guwahati,Construction
C01175,Customer 1175,Mid-Market,West,Ahmedabad,Manufacturing
C01176,Customer 1176,Mid-Market,East,Bhubaneswar,Energy
C01177,Customer 1177,Mid-Market,West,Pune,Automotive
C01178,Customer 1178,Mid-Market,South,Chennai,Construction
C01179,Customer 1179,SMB,North,Chandigarh,Manufacturing
C01180,Customer 1180,SMB,North,Chandigarh,Healthcare
C01181,Customer 1181,Mid-Market,East,Bhubaneswar,Healthcare
C01182,Customer 1182,Mid-Market,North,Lucknow,Manufacturing
C01183,Customer 1183,SMB,North,Lucknow,Manufacturing
C01184,Customer 1184,Mid-Market,North,Delhi,Manufacturing
C01185,Customer 1185,SMB,North,Chandigarh,Manufacturing
C01186,Customer 1186,Mid-Market,Central,Bhopal,Logistics
C01187,Customer 1187,SMB,South,Bengaluru,Manufacturing
C01188,Customer 1188,Enterprise,Central,Bhopal,Logistics
C01189,Customer 1189,Mid-Market,North,Lucknow,Energy
C01190,Customer 1190,Mid-Market,West,Ahmedabad,Automotive
C01191,Customer 1191,Mid-Market,South,Bengaluru,Healthcare
C01192,Customer 1192,SMB,South,Hyderabad,Construction
C01193,Customer 1193,SMB,Central,Nagpur,Construction
C01194,Customer 1194,Enterprise,Central,Nagpur,Manufacturing
C01195,Customer 1195,Mid-Market,Central,Bhopal,Manufacturing
C01196,Customer 1196,Mid-Market,North,Chandigarh,Logistics
C01197,Customer 1197,Mid-Market,South,Hyderabad,Manufacturing
C01198,Customer 1198,Mid-Market,West,Ahmedabad,Logistics
C01199,Customer 1199,SMB,South,Chennai,Construction
C01200,Customer 1200,SMB,East,Guwahati,Manufacturing
C01201,Customer 1201,Enterprise,West,Pune,Logistics
C01202,Customer 1202,Mid-Market,West,Ahmedabad,Logistics
C01203,Customer 1203,Mid-Market,Central,Indore,Healthcare
C01204,Customer 1204,Mid-Market,East,Bhubaneswar,Energy
C01205,Customer 1205,Enterprise,North,Chandigarh,Logistics
C01206,Customer 1206,Mid-Market,North,Delhi,Automotive
C01207,Customer 1207,Mid-Market,West,Pune,Energy
C01208,Customer 1208,Enterprise,West,Pune,Automotive
C01209,Customer 1209,SMB,South,Hyderabad,Healthcare
C01210,Customer 1210,Mid-Market,South,Bengaluru,Construction
C01211,Customer 1211,Mid-Market,East,Kolkata,Automotive
C01212,Customer 1212,Mid-Market,Central,Indore,Automotive
C01213,Customer 1213,SMB,West,Pune,Energy
C01214,Customer 1214,Enterprise,South,Bengaluru,Automotive
C01215,Customer 1215,Enterprise,South,Hyderabad,Manufacturing
C01216,Customer 1216,Mid-Market,West,Ahmedabad,Manufacturing
C01217,Customer 1217,Mid-Market,South,Chennai,Manufacturing
C01218,Customer 1218,Mid-Market,West,Mumbai,Construction
C01219,Customer 1219,SMB,East,Guwahati,Automotive
C01220,Customer 1220,Mid-Market,North,Delhi,Logistics
C01221,Customer 1221,Enterprise,North,Delhi,Logistics
C01222,Customer 1222,Mid-Market,North,Delhi,Manufacturing
C01223,Customer 1223,SMB,Central,Indore,Logistics
C01224,Customer 1224,SMB,West,Ahmedabad,Construction
C01225,Customer 1225,SMB,North,Delhi,Construction
C01226,Customer 1226,Mid-Market,Central,Bhopal,Energy
C01227,Customer 1227,SMB,West,Pune,Energy
C01228,Customer 1228,Mid-Market,West,Mumbai,Automotive
C01229,Customer 1229,Mid-Market,Central,Nagpur,Logistics
C01230,Customer 1230,Mid-Market,North,Delhi,Construction
C01231,Customer 1231,SMB,North,Chandigarh,Manufacturing
C01232,Customer 1232,Mid-Market,West,Pune,Healthcare
C01233,Customer 1233,Mid-Market,North,Chandigarh,Construction
C01234,Customer 1234,Mid-Market,East,Kolkata,Construction
C01235,Customer 1235,Mid-Market,North,Lucknow,Healthcare
C01236,Customer 1236,Enterprise,North,Chandigarh,Manufacturing
C01237,Customer 1237,Mid-Market,North,Delhi,Logistics
C01238,Customer 1238,SMB,South,Hyderabad,Automotive
C01239,Customer 1239,Enterprise,North,Delhi,Construction
C01240,Customer 1240,Mid-Market,North,Lucknow,Manufacturing
C01241,Customer 1241,Enterprise,Central,Bhopal,Energy
C01242,Customer 1242,Enterprise,South,Bengaluru,Manufacturing
C01243,Customer 1243,SMB,South,Chennai,Logistics
C01244,Customer 1244,Mid-Market,North,Lucknow,Construction
C01245,Customer 1245,Mid-Market,South,Hyderabad,Manufacturing
C01246,Customer 1246,Mid-Market,South,Bengaluru,Healthcare
C01247,Customer 1247,SMB,West,Ahmedabad,Energy
C01248,Customer 1248,Mid-Market,North,Lucknow,Construction
C01249,Customer 1249,SMB,Central,Bhopal,Automotive
C01250,Customer 1250,Mid-Market,Central,Bhopal,Manufacturing
C01251,Customer 1251,Enterprise,North,Lucknow,Energy
C01252,Customer 1252,Mid-Market,North,Lucknow,Energy
C01253,Customer 1253,Enterprise,North,Delhi,Logistics
C01254,Customer 1254,Mid-Market,West,Pune,Energy
C01255,Customer 1255,Mid-Market,North,Delhi,Automotive
C01256,Customer 1256,SMB,Central,Indore,Manufacturing
C01257,Customer 1257,SMB,East,Guwahati,Automotive
C01258,Customer 1258,SMB,East,Guwahati,Logistics
C01259,Customer 1259,Enterprise,West,Pune,Manufacturing
C01260,Customer 1260,SMB,Central,Bhopal,Manufacturing
C01261,Customer 1261,SMB,North,Delhi,Manufacturing
C01262,Customer 1262,Mid-Market,South,Bengaluru,Energy
C01263,Customer 1263,Mid-Market,South,Chennai,Energy
C01264,Customer 1264,SMB,Central,Nagpur,Logistics
C01265,Customer 1265,Enterprise,West,Pune,Energy
C01266,Customer 1266,Mid-Market,East,Bhubaneswar,Healthcare
C01267,Customer 1267,SMB,North,Delhi,Energy
C01268,Customer 1268,Enterprise,Central,Bhopal,Energy
C01269,Customer 1269,Mid-Market,West,Ahmedabad,Energy
C01270,Customer 1270,Mid-Market,West,Ahmedabad,Energy
C01271,Customer 1271,Mid-Market,Central,Nagpur,Automotive
C01272,Customer 1272,SMB,South,Hyderabad,Energy
C01273,Customer 1273,Enterprise,South,Chennai,Energy
C01274,Customer 1274,Mid-Market,West,Pune,Automotive
C01275,Customer 1275,SMB,North,Chandigarh,Logistics
C01276,Customer 1276,Enterprise,South,Bengaluru,Energy
C01277,Customer 1277,SMB,North,Chandigarh,Automotive
C01278,Customer 1278,Enterprise,North,Chandigarh,Energy
C01279,Customer 1279,Mid-Market,Central,Nagpur,Manufacturing
C01280,Customer 1280,Enterprise,West,Mumbai,Construction
C01281,Customer 1281,Mid-Market,South,Bengaluru,Healthcare
C01282,Customer 1282,SMB,South,Chennai,Energy
C01283,Customer 1283,SMB,South,Hyderabad,Healthcare
C01284,Customer 1284,SMB,West,Pune,Manufacturing
C01285,Customer 1285,Mid-Market,Central,Nagpur,Healthcare
C01286,Customer 1286,SMB,Central,Nagpur,Manufacturing
C01287,Customer 1287,Mid-Market,South,Chennai,Construction
C01288,Customer 1288,SMB,South,Bengaluru,Logistics
C01289,Customer 1289,Mid-Market,South,Chennai,Energy
C01290,Customer 1290,SMB,West,Mumbai,Logistics
C01291,Customer 1291,Mid-Market,West,Pune,Healthcare
C01292,Customer 1292,Mid-Market,West,Pune,Logistics
C01293,Customer 1293,SMB,West,Ahmedabad,Construction
C01294,Customer 1294,Enterprise,South,Bengaluru,Healthcare
C01295,Customer 1295,Enterprise,South,Hyderabad,Healthcare
C01296,Customer 1296,SMB,South,Bengaluru,Energy
C01297,Customer 1297,Mid-Market,North,Delhi,Healthcare
C01298,Customer 1298,Enterprise,North,Lucknow,Automotive
C01299,Customer 1299,Mid-Market,East,Guwahati,Healthcare
C01300,Customer 1300,Mid-Market,South,Hyderabad,Healthcare
C01301,Customer 1301,Mid-Market,North,Chandigarh,Healthcare
C01302,Customer 1302,SMB,West,Pune,Healthcare
C01303,Customer 1303,SMB,East,Kolkata,Energy
C01304,Customer 1304,Mid-Market,South,Hyderabad,Healthcare
C01305,Customer 1305,Mid-Market,Central,Indore,Energy
C01306,Customer 1306,Mid-Market,Central,Bhopal,Construction
C01307,Customer 1307,SMB,West,Pune,Automotive
C01308,Customer 1308,Enterprise,East,Kolkata,Energy
C01309,Customer 1309,Enterprise,North,Chandigarh,Automotive
C01310,Customer 1310,SMB,Central,Bhopal,Construction
C01311,Customer 1311,SMB,South,Bengaluru,Energy
C01312,Customer 1312,Mid-Market,Central,Bhopal,Manufacturing
C01313,Customer 1313,Mid-Market,West,Pune,Logistics
C01314,Customer 1314,Mid-Market,North,Chandigarh,Construction
C01315,Customer 1315,Mid-Market,North,Lucknow,Logistics
C01316,Customer 1316,Mid-Market,East,Bhubaneswar,Manufacturing
C01317,Customer 1317,Enterprise,West,Mumbai,Energy
C01318,Customer 1318,Mid-Market,North,Lucknow,Manufacturing
C01319,Customer 1319,Mid-Market,East,Kolkata,Energy
C01320,Customer 1320,Mid-Market,Central,Nagpur,Automotive
C01321,Customer 1321,Enterprise,West,Ahmedabad,Manufacturing
C01322,Customer 1322,SMB,West,Pune,Healthcare
C01323,Customer 1323,Mid-Market,North,Lucknow,Manufacturing
C01324,Customer 1324,SMB,East,Bhubaneswar,Logistics
C01325,Customer 1325,Enterprise,South,Bengaluru,Automotive
C01326,Customer 1326,Mid-Market,Central,Indore,Construction
C01327,Customer 1327,SMB,South,Hyderabad,Energy
C01328,Customer 1328,Mid-Market,West,Mumbai,Logistics
C01329,Customer 1329,Enterprise,South,Hyderabad,Energy
C01330,Customer 1330,Mid-Market,North,Chandigarh,Automotive
C01331,Customer 1331,Mid-Market,East,Guwahati,Automotive
C01332,Customer 1332,Mid-Market,West,Mumbai,Logistics
C01333,Customer 1333,Mid-Market,West,Ahmedabad,Logistics
C01334,Customer 1334,Mid-Market,Central,Nagpur,Logistics
C01335,Customer 1335,Mid-Market,Central,Nagpur,Healthcare
C01336,Customer 1336,Enterprise,Central,Nagpur,Construction
C01337,Customer 1337,Mid-Market,North,Delhi,Automotive
C01338,Customer 1338,Mid-Market,West,Ahmedabad,Construction
C01339,Customer 1339,Enterprise,Central,Indore,Manufacturing
C01340,Customer 1340,Mid-Market,South,Bengaluru,Healthcare
C01341,Customer 1341,Enterprise,North,Lucknow,Logistics
C01342,Customer 1342,Enterprise,East,Bhubaneswar,Automotive
C01343,Customer 1343,Mid-Market,West,Ahmedabad,Construction
C01344,Customer 1344,Enterprise,West,Pune,Construction
C01345,Customer 1345,Mid-Market,Central,Indore,Logistics
C01346,Customer 1346,SMB,West,Mumbai,Construction
C01347,Customer 1347,SMB,South,Hyderabad,Healthcare
C01348,Customer 1348,Enterprise,South,Bengaluru,Construction
C01349,Customer 1349,Mid-Market,South,Chennai,Healthcare
C01350,Customer 1350,Mid-Market,North,Delhi,Construction
C01351,Customer 1351,SMB,East,Guwahati,Energy
C01352,Customer 1352,SMB,Central,Indore,Automotive
C01353,Customer 1353,Enterprise,South,Bengaluru,Logistics
C01354,Customer 1354,Enterprise,South,Bengaluru,Healthcare
C01355,Customer 1355,Mid-Market,Central,Indore,Logistics
C01356,Customer 1356,SMB,North,Chandigarh,Construction
C01357,Customer 1357,SMB,West,Mumbai,Automotive
C01358,Customer 1358,Enterprise,West,Pune,Construction
C01359,Customer 1359,Mid-Market,East,Bhubaneswar,Automotive
C01360,Customer 1360,Enterprise,North,Delhi,Construction
C01361,Customer 1361,Mid-Market,East,Kolkata,Manufacturing
C01362,Customer 1362,SMB,South,Bengaluru,Manufacturing
C01363,Customer 1363,Mid-Market,West,Mumbai,Automotive
C01364,Customer 1364,Enterprise,North,Delhi,Logistics
C01365,Customer 1365,Mid-Market,West,Mumbai,Construction
C01366,Customer 1366,Mid-Market,West,Pune,Healthcare
C01367,Customer 1367,SMB,North,Delhi,Logistics
C01368,Customer 1368,Mid-Market,North,Delhi,Logistics
C01369,Customer 1369,SMB,North,Chandigarh,Healthcare
C01370,Customer 1370,Mid-Market,South,Hyderabad,Energy
C01371,Customer 1371,Enterprise,North,Delhi,Manufacturing
C01372,Customer 1372,Mid-Market,Central,Indore,Healthcare
C01373,Customer 1373,Enterprise,South,Hyderabad,Manufacturing
C01374,Customer 1374,Mid-Market,East,Kolkata,Healthcare
C01375,Customer 1375,Mid-Market,Central,Nagpur,Manufacturing
C01376,Customer 1376,Enterprise,North,Lucknow,Energy
C01377,Customer 1377,Enterprise,West,Pune,Healthcare
C01378,Customer 1378,Enterprise,Central,Indore,Logistics
C01379,Customer 1379,Enterprise,West,Ahmedabad,Healthcare
C01380,Customer 1380,SMB,South,Bengaluru,Logistics
C01381,Customer 1381,SMB,South,Bengaluru,Manufacturing
C01382,Customer 1382,Enterprise,North,Delhi,Automotive
C01383,Customer 1383,SMB,West,Ahmedabad,Energy
C01384,Customer 1384,SMB,Central,Bhopal,Manufacturing
C01385,Customer 1385,SMB,Central,Nagpur,Automotive
C01386,Customer 1386,Mid-Market,North,Chandigarh,Energy
C01387,Customer 1387,Mid-Market,East,Bhubaneswar,Logistics
C01388,Customer 1388,Mid-Market,South,Hyderabad,Construction
C01389,Customer 1389,SMB,Central,Nagpur,Healthcare
C01390,Customer 1390,SMB,North,Lucknow,Manufacturing
C01391,Customer 1391,Mid-Market,Central,Bhopal,Manufacturing
C01392,Customer 1392,Mid-Market,Central,Indore,Construction
C01393,Customer 1393,SMB,North,Chandigarh,Construction
C01394,Customer 1394,SMB,North,Lucknow,Healthcare
C01395,Customer 1395,Mid-Market,Central,Nagpur,Logistics
C01396,Customer 1396,Mid-Market,North,Delhi,Manufacturing
C01397,Customer 1397,Mid-Market,West,Ahmedabad,Automotive
C01398,Customer 1398,Mid-Market,Central,Nagpur,Construction
C01399,Customer 1399,Mid-Market,West,Pune,Automotive
C01400,Customer 1400,SMB,South,Hyderabad,Automotive
C01401,Customer 1401,SMB,South,Bengaluru,Manufacturing
C01402,Customer 1402,Mid-Market,North,Chandigarh,Logistics
C01403,Customer 1403,Mid-Market,Central,Nagpur,Construction
C01404,Customer 1404,Mid-Market,South,Chennai,Construction
C01405,Customer 1405,Enterprise,North,Delhi,Energy
C01406,Customer 1406,Mid-Market,South,Bengaluru,Logistics
C01407,Customer 1407,Enterprise,Central,Nagpur,Construction
C01408,Customer 1408,Mid-Market,North,Lucknow,Energy
C01409,Customer 1409,Enterprise,Central,Nagpur,Energy
C01410,Customer 1410,Mid-Market,East,Bhubaneswar,Manufacturing
C01411,Customer 1411,SMB,Central,Bhopal,Automotive
C01412,Customer 1412,Mid-Market,Central,Nagpur,Healthcare
C01413,Customer 1413,Mid-Market,Central,Indore,Construction
C01414,Customer 1414,SMB,Central,Bhopal,Construction
C01415,Customer 1415,Mid-Market,North,Chandigarh,Manufacturing
C01416,Customer 1416,Enterprise,East,Kolkata,Energy
C01417,Customer 1417,Mid-Market,West,Pune,Automotive
C01418,Customer 1418,Mid-Market,West,Ahmedabad,Manufacturing
C01419,Customer 1419,Mid-Market,Central,Nagpur,Manufacturing
C01420,Customer 1420,Enterprise,Central,Nagpur,Automotive
C01421,Customer 1421,Mid-Market,East,Bhubaneswar,Logistics
C01422,Customer 1422,Mid-Market,West,Ahmedabad,Manufacturing
C01423,Customer 1423,Mid-Market,South,Chennai,Construction
C01424,Customer 1424,Mid-Market,South,Bengaluru,Healthcare
C01425,Customer 1425,Enterprise,South,Hyderabad,Construction
C01426,Customer 1426,Mid-Market,South,Hyderabad,Construction
C01427,Customer 1427,SMB,North,Delhi,Logistics
C01428,Customer 1428,Mid-Market,North,Lucknow,Logistics
C01429,Customer 1429,Mid-Market,East,Kolkata,Automotive
C01430,Customer 1430,Mid-Market,South,Hyderabad,Energy
C01431,Customer 1431,Mid-Market,Central,Indore,Energy
C01432,Customer 1432,SMB,West,Mumbai,Manufacturing
C01433,Customer 1433,Mid-Market,North,Lucknow,Logistics
C01434,Customer 1434,Mid-Market,North,Delhi,Logistics
C01435,Customer 1435,SMB,North,Delhi,Construction
C01436,Customer 1436,SMB,Central,Bhopal,Healthcare
C01437,Customer 1437,Mid-Market,North,Lucknow,Construction
C01438,Customer 1438,Enterprise,West,Mumbai,Energy
C01439,Customer 1439,Enterprise,Central,Indore,Logistics
C01440,Customer 1440,Mid-Market,Central,Bhopal,Construction
C01441,Customer 1441,Enterprise,South,Chennai,Construction
C01442,Customer 1442,Mid-Market,North,Lucknow,Construction
C01443,Customer 1443,SMB,North,Chandigarh,Automotive
C01444,Customer 1444,Mid-Market,North,Delhi,Energy
C01445,Customer 1445,Enterprise,North,Lucknow,Energy
C01446,Customer 1446,Enterprise,West,Mumbai,Logistics
C01447,Customer 1447,Mid-Market,Central,Indore,Manufacturing
C01448,Customer 1448,Mid-Market,West,Ahmedabad,Manufacturing
C01449,Customer 1449,SMB,West,Pune,Logistics
C01450,Customer 1450,Enterprise,North,Delhi,Logistics
C01451,Customer 1451,Enterprise,East,Kolkata,Logistics
C01452,Customer 1452,Mid-Market,West,Pune,Manufacturing
C01453,Customer 1453,Mid-Market,Central,Indore,Automotive
C01454,Customer 1454,Mid-Market,Central,Bhopal,Construction
C01455,Customer 1455,SMB,South,Hyderabad,Manufacturing
C01456,Customer 1456,Mid-Market,North,Chandigarh,Energy
C01457,Customer 1457,Mid-Market,South,Hyderabad,Energy
C01458,Customer 1458,SMB,South,Hyderabad,Construction
C01459,Customer 1459,Enterprise,Central,Nagpur,Construction
C01460,Customer 1460,SMB,South,Chennai,Construction
C01461,Customer 1461,Mid-Market,East,Bhubaneswar,Construction
C01462,Customer 1462,Mid-Market,West,Pune,Automotive
C01463,Customer 1463,SMB,North,Chandigarh,Automotive
C01464,Customer 1464,Mid-Market,South,Bengaluru,Construction
C01465,Customer 1465,Mid-Market,West,Ahmedabad,Automotive
C01466,Customer 1466,Mid-Market,East,Bhubaneswar,Healthcare
C01467,Customer 1467,Mid-Market,South,Chennai,Healthcare
C01468,Customer 1468,Mid-Market,South,Chennai,Energy
C01469,Customer 1469,Enterprise,East,Guwahati,Construction
C01470,Customer 1470,SMB,North,Lucknow,Construction
C01471,Customer 1471,Mid-Market,Central,Bhopal,Manufacturing
C01472,Customer 1472,Mid-Market,North,Chandigarh,Manufacturing
C01473,Customer 1473,Enterprise,North,Lucknow,Logistics
C01474,Customer 1474,Mid-Market,West,Mumbai,Construction
C01475,Customer 1475,Enterprise,West,Ahmedabad,Healthcare
C01476,Customer 1476,Enterprise,West,Mumbai,Healthcare
C01477,Customer 1477,Mid-Market,South,Chennai,Manufacturing
C01478,Customer 1478,Enterprise,Central,Indore,Automotive
C01479,Customer 1479,Mid-Market,West,Pune,Construction
C01480,Customer 1480,Mid-Market,West,Mumbai,Logistics
C01481,Customer 1481,Mid-Market,South,Bengaluru,Automotive
C01482,Customer 1482,SMB,North,Lucknow,Logistics
C01483,Customer 1483,SMB,West,Ahmedabad,Manufacturing
C01484,Customer 1484,Mid-Market,South,Bengaluru,Energy
C01485,Customer 1485,SMB,West,Mumbai,Construction
C01486,Customer 1486,SMB,North,Lucknow,Manufacturing
C01487,Customer 1487,Mid-Market,Central,Bhopal,Energy
C01488,Customer 1488,SMB,West,Mumbai,Healthcare
C01489,Customer 1489,Enterprise,Central,Nagpur,Manufacturing
C01490,Customer 1490,Mid-Market,West,Mumbai,Energy
C01491,Customer 1491,Mid-Market,North,Lucknow,Logistics
C01492,Customer 1492,Enterprise,Central,Nagpur,Manufacturing
C01493,Customer 1493,Mid-Market,West,Mumbai,Energy
C01494,Customer 1494,SMB,East,Kolkata,Automotive
C01495,Customer 1495,Mid-Market,South,Hyderabad,Logistics
C01496,Customer 1496,Enterprise,West,Ahmedabad,Automotive
C01497,Customer 1497,Enterprise,Central,Indore,Construction
C01498,Customer 1498,Mid-Market,West,Ahmedabad,Logistics
C01499,Customer 1499,SMB,South,Hyderabad,Energy
C01500,Customer 1500,SMB,East,Guwahati,Construction
C01501,Customer 1501,Mid-Market,East,Guwahati,Energy
C01502,Customer 1502,Enterprise,Central,Indore,Healthcare
C01503,Customer 1503,Enterprise,South,Bengaluru,Energy
C01504,Customer 1504,Mid-Market,South,Chennai,Energy
C01505,Customer 1505,SMB,East,Kolkata,Construction
C01506,Customer 1506,SMB,West,Mumbai,Construction
C01507,Customer 1507,Mid-Market,East,Bhubaneswar,Energy
C01508,Customer 1508,Mid-Market,South,Chennai,Construction
C01509,Customer 1509,Mid-Market,North,Lucknow,Energy
C01510,Customer 1510,Mid-Market,East,Bhubaneswar,Automotive
C01511,Customer 1511,Mid-Market,North,Delhi,Logistics
C01512,Customer 1512,Mid-Market,North,Chandigarh,Automotive
C01513,Customer 1513,Mid-Market,West,Ahmedabad,Automotive
C01514,Customer 1514,SMB,East,Kolkata,Logistics
C01515,Customer 1515,Mid-Market,Central,Nagpur,Healthcare
C01516,Customer 1516,Enterprise,South,Bengaluru,Manufacturing
C01517,Customer 1517,Mid-Market,North,Delhi,Automotive
C01518,Customer 1518,Mid-Market,Central,Indore,Construction
C01519,Customer 1519,Mid-Market,North,Lucknow,Healthcare
C01520,Customer 1520,Mid-Market,North,Lucknow,Energy
C01521,Customer 1521,SMB,South,Bengaluru,Manufacturing
C01522,Customer 1522,Mid-Market,West,Ahmedabad,Automotive
C01523,Customer 1523,Mid-Market,Central,Nagpur,Construction
C01524,Customer 1524,SMB,East,Guwahati,Manufacturing
C01525,Customer 1525,Mid-Market,East,Guwahati,Logistics
C01526,Customer 1526,Mid-Market,North,Delhi,Manufacturing
C01527,Customer 1527,Enterprise,South,Chennai,Construction
C01528,Customer 1528,Mid-Market,West,Pune,Healthcare
C01529,Customer 1529,SMB,North,Delhi,Healthcare
C01530,Customer 1530,SMB,South,Bengaluru,Construction
C01531,Customer 1531,Mid-Market,South,Chennai,Construction
C01532,Customer 1532,Mid-Market,North,Chandigarh,Automotive
C01533,Customer 1533,Mid-Market,West,Pune,Energy
C01534,Customer 1534,SMB,East,Kolkata,Manufacturing
C01535,Customer 1535,Mid-Market,North,Lucknow,Manufacturing
C01536,Customer 1536,SMB,West,Mumbai,Healthcare
C01537,Customer 1537,Enterprise,East,Kolkata,Construction
C01538,Customer 1538,Enterprise,East,Bhubaneswar,Manufacturing
C01539,Customer 1539,Enterprise,East,Guwahati,Energy
C01540,Customer 1540,Enterprise,South,Bengaluru,Manufacturing
C01541,Customer 1541,SMB,Central,Indore,Healthcare
C01542,Customer 1542,Mid-Market,South,Hyderabad,Construction
C01543,Customer 1543,Mid-Market,South,Bengaluru,Manufacturing
C01544,Customer 1544,Mid-Market,North,Chandigarh,Energy
C01545,Customer 1545,Mid-Market,West,Mumbai,Logistics
C01546,Customer 1546,Mid-Market,South,Bengaluru,Logistics
C01547,Customer 1547,Enterprise,South,Bengaluru,Healthcare
C01548,Customer 1548,Mid-Market,East,Guwahati,Manufacturing
C01549,Customer 1549,Enterprise,South,Chennai,Manufacturing
C01550,Customer 1550,SMB,South,Hyderabad,Manufacturing
C01551,Customer 1551,Enterprise,North,Chandigarh,Construction
C01552,Customer 1552,SMB,South,Chennai,Healthcare
C01553,Customer 1553,SMB,South,Bengaluru,Logistics
C01554,Customer 1554,Enterprise,South,Hyderabad,Energy
C01555,Customer 1555,Enterprise,South,Chennai,Logistics
C01556,Customer 1556,SMB,East,Guwahati,Logistics
C01557,Customer 1557,Mid-Market,Central,Indore,Energy
C01558,Customer 1558,Mid-Market,West,Ahmedabad,Healthcare
C01559,Customer 1559,Enterprise,West,Pune,Construction
C01560,Customer 1560,Mid-Market,Central,Bhopal,Manufacturing
C01561,Customer 1561,Mid-Market,Central,Indore,Construction
C01562,Customer 1562,SMB,West,Pune,Healthcare
C01563,Customer 1563,Mid-Market,Central,Bhopal,Healthcare
C01564,Customer 1564,SMB,Central,Indore,Energy
C01565,Customer 1565,Mid-Market,East,Guwahati,Healthcare
C01566,Customer 1566,Enterprise,West,Mumbai,Construction
C01567,Customer 1567,Mid-Market,North,Lucknow,Construction
C01568,Customer 1568,Mid-Market,North,Chandigarh,Manufacturing
C01569,Customer 1569,Mid-Market,West,Mumbai,Automotive
C01570,Customer 1570,Mid-Market,West,Mumbai,Automotive
C01571,Customer 1571,Mid-Market,South,Chennai,Energy
C01572,Customer 1572,Mid-Market,West,Mumbai,Logistics
C01573,Customer 1573,Mid-Market,West,Pune,Healthcare
C01574,Customer 1574,Mid-Market,Central,Indore,Logistics
C01575,Customer 1575,Mid-Market,North,Lucknow,Energy
C01576,Customer 1576,Mid-Market,South,Hyderabad,Automotive
C01577,Customer 1577,Mid-Market,East,Guwahati,Energy
C01578,Customer 1578,Mid-Market,Central,Indore,Construction
C01579,Customer 1579,Mid-Market,Central,Indore,Construction
C01580,Customer 1580,Mid-Market,Central,Nagpur,Automotive
C01581,Customer 1581,Enterprise,Central,Nagpur,Logistics
C01582,Customer 1582,Mid-Market,South,Chennai,Healthcare
C01583,Customer 1583,Mid-Market,South,Chennai,Automotive
C01584,Customer 1584,Mid-Market,South,Chennai,Automotive
C01585,Customer 1585,SMB,West,Mumbai,Automotive
C01586,Customer 1586,SMB,Central,Indore,Automotive
C01587,Customer 1587,Enterprise,South,Chennai,Automotive
C01588,Customer 1588,Mid-Market,West,Pune,Automotive
C01589,Customer 1589,Mid-Market,South,Chennai,Logistics
C01590,Customer 1590,SMB,North,Chandigarh,Manufacturing
C01591,Customer 1591,Mid-Market,North,Delhi,Manufacturing
C01592,Customer 1592,Mid-Market,North,Chandigarh,Healthcare
C01593,Customer 1593,Mid-Market,Central,Bhopal,Energy
C01594,Customer 1594,Mid-Market,South,Hyderabad,Healthcare
C01595,Customer 1595,Mid-Market,Central,Indore,Automotive
C01596,Customer 1596,Mid-Market,East,Kolkata,Logistics
C01597,Customer 1597,Mid-Market,North,Lucknow,Healthcare
C01598,Customer 1598,Mid-Market,North,Lucknow,Energy
C01599,Customer 1599,SMB,East,Guwahati,Construction
C01600,Customer 1600,SMB,South,Bengaluru,Automotive
C01601,Customer 1601,Mid-Market,Central,Nagpur,Healthcare
C01602,Customer 1602,Mid-Market,North,Lucknow,Energy
C01603,Customer 1603,Enterprise,East,Bhubaneswar,Automotive
C01604,Customer 1604,SMB,East,Bhubaneswar,Construction
C01605,Customer 1605,SMB,South,Hyderabad,Automotive
C01606,Customer 1606,Mid-Market,South,Bengaluru,Logistics
C01607,Customer 1607,SMB,Central,Indore,Logistics
C01608,Customer 1608,Enterprise,South,Chennai,Manufacturing
C01609,Customer 1609,Mid-Market,South,Bengaluru,Construction
C01610,Customer 1610,Enterprise,South,Bengaluru,Healthcare
C01611,Customer 1611,Enterprise,South,Hyderabad,Automotive
C01612,Customer 1612,Mid-Market,East,Guwahati,Manufacturing
C01613,Customer 1613,Mid-Market,East,Bhubaneswar,Manufacturing
C01614,Customer 1614,SMB,South,Hyderabad,Healthcare
C01615,Customer 1615,Mid-Market,Central,Nagpur,Construction
C01616,Customer 1616,SMB,North,Delhi,Automotive
C01617,Customer 1617,SMB,North,Delhi,Manufacturing
C01618,Customer 1618,Mid-Market,West,Mumbai,Construction
C01619,Customer 1619,SMB,Central,Bhopal,Manufacturing
C01620,Customer 1620,Mid-Market,North,Lucknow,Healthcare
C01621,Customer 1621,Mid-Market,North,Delhi,Automotive
C01622,Customer 1622,Enterprise,West,Mumbai,Manufacturing
C01623,Customer 1623,Mid-Market,East,Kolkata,Energy
C01624,Customer 1624,SMB,North,Lucknow,Automotive
C01625,Customer 1625,Mid-Market,South,Hyderabad,Manufacturing
C01626,Customer 1626,Mid-Market,East,Guwahati,Automotive
C01627,Customer 1627,Enterprise,South,Hyderabad,Automotive
C01628,Customer 1628,Mid-Market,North,Lucknow,Manufacturing
C01629,Customer 1629,SMB,North,Chandigarh,Manufacturing
C01630,Customer 1630,Mid-Market,South,Bengaluru,Healthcare
C01631,Customer 1631,SMB,West,Ahmedabad,Manufacturing
C01632,Customer 1632,Mid-Market,Central,Bhopal,Logistics
C01633,Customer 1633,SMB,West,Ahmedabad,Manufacturing
C01634,Customer 1634,Mid-Market,East,Guwahati,Logistics
C01635,Customer 1635,Mid-Market,Central,Indore,Construction
C01636,Customer 1636,Enterprise,South,Bengaluru,Healthcare
C01637,Customer 1637,Mid-Market,South,Hyderabad,Automotive
C01638,Customer 1638,SMB,Central,Indore,Construction
C01639,Customer 1639,Mid-Market,South,Hyderabad,Logistics
C01640,Customer 1640,Enterprise,East,Kolkata,Logistics
C01641,Customer 1641,SMB,East,Bhubaneswar,Automotive
C01642,Customer 1642,Enterprise,North,Chandigarh,Energy
C01643,Customer 1643,Mid-Market,West,Pune,Energy
C01644,Customer 1644,SMB,North,Lucknow,Construction
C01645,Customer 1645,Mid-Market,North,Chandigarh,Healthcare
C01646,Customer 1646,SMB,West,Pune,Automotive
C01647,Customer 1647,Mid-Market,South,Bengaluru,Energy
C01648,Customer 1648,SMB,East,Bhubaneswar,Manufacturing
C01649,Customer 1649,Mid-Market,Central,Indore,Logistics
C01650,Customer 1650,Mid-Market,East,Kolkata,Logistics
C01651,Customer 1651,Mid-Market,South,Hyderabad,Construction
C01652,Customer 1652,SMB,South,Bengaluru,Energy
C01653,Customer 1653,Mid-Market,South,Hyderabad,Automotive
C01654,Customer 1654,SMB,North,Delhi,Automotive
C01655,Customer 1655,Mid-Market,Central,Bhopal,Healthcare
C01656,Customer 1656,Mid-Market,South,Chennai,Logistics
C01657,Customer 1657,SMB,South,Bengaluru,Energy
C01658,Customer 1658,Mid-Market,Central,Nagpur,Construction
C01659,Customer 1659,Mid-Market,South,Hyderabad,Manufacturing
C01660,Customer 1660,SMB,North,Chandigarh,Energy
C01661,Customer 1661,Enterprise,North,Chandigarh,Construction
C01662,Customer 1662,Enterprise,West,Ahmedabad,Construction
C01663,Customer 1663,Mid-Market,East,Bhubaneswar,Manufacturing
C01664,Customer 1664,Mid-Market,North,Delhi,Automotive
C01665,Customer 1665,Mid-Market,Central,Nagpur,Energy
C01666,Customer 1666,Enterprise,Central,Indore,Logistics
C01667,Customer 1667,Mid-Market,Central,Nagpur,Construction
C01668,Customer 1668,Mid-Market,South,Bengaluru,Construction
C01669,Customer 1669,Enterprise,North,Delhi,Automotive
C01670,Customer 1670,Mid-Market,Central,Bhopal,Healthcare
C01671,Customer 1671,Mid-Market,South,Bengaluru,Automotive
C01672,Customer 1672,Enterprise,West,Ahmedabad,Construction
C01673,Customer 1673,Mid-Market,East,Guwahati,Energy
C01674,Customer 1674,SMB,North,Chandigarh,Construction
C01675,Customer 1675,Mid-Market,East,Guwahati,Logistics
C01676,Customer 1676,Mid-Market,Central,Indore,Construction
C01677,Customer 1677,Mid-Market,East,Kolkata,Construction
C01678,Customer 1678,Enterprise,South,Bengaluru,Manufacturing
C01679,Customer 1679,SMB,Central,Nagpur,Logistics
C01680,Customer 1680,SMB,West,Pune,Healthcare
C01681,Customer 1681,SMB,East,Guwahati,Logistics
C01682,Customer 1682,Mid-Market,Central,Nagpur,Automotive
C01683,Customer 1683,Mid-Market,East,Kolkata,Automotive
C01684,Customer 1684,Enterprise,South,Chennai,Automotive
C01685,Customer 1685,Mid-Market,North,Lucknow,Manufacturing
C01686,Customer 1686,Mid-Market,South,Chennai,Automotive
C01687,Customer 1687,Mid-Market,West,Pune,Construction
C01688,Customer 1688,Enterprise,West,Pune,Construction
C01689,Customer 1689,SMB,West,Pune,Construction
C01690,Customer 1690,Enterprise,South,Chennai,Energy
C01691,Customer 1691,Enterprise,East,Kolkata,Automotive
C01692,Customer 1692,SMB,Central,Bhopal,Logistics
C01693,Customer 1693,SMB,South,Bengaluru,Automotive
C01694,Customer 1694,Mid-Market,East,Bhubaneswar,Automotive
C01695,Customer 1695,Mid-Market,East,Kolkata,Construction
C01696,Customer 1696,Mid-Market,West,Pune,Healthcare
C01697,Customer 1697,Enterprise,North,Lucknow,Logistics
C01698,Customer 1698,Mid-Market,East,Guwahati,Construction
C01699,Customer 1699,Mid-Market,Central,Bhopal,Healthcare
C01700,Customer 1700,Mid-Market,East,Kolkata,Healthcare
C01701,Customer 1701,Enterprise,Central,Indore,Automotive
C01702,Customer 1702,Mid-Market,Central,Bhopal,Healthcare
C01703,Customer 1703,SMB,South,Hyderabad,Logistics
C01704,Customer 1704,Enterprise,West,Mumbai,Automotive
C01705,Customer 1705,Enterprise,West,Ahmedabad,Manufacturing
C01706,Customer 1706,Mid-Market,Central,Nagpur,Healthcare
C01707,Customer 1707,SMB,North,Delhi,Construction
C01708,Customer 1708,Mid-Market,South,Chennai,Construction
C01709,Customer 1709,SMB,Central,Nagpur,Healthcare
C01710,Customer 1710,Mid-Market,South,Hyderabad,Energy
C01711,Customer 1711,Mid-Market,East,Guwahati,Automotive
C01712,Customer 1712,Mid-Market,South,Hyderabad,Construction
C01713,Customer 1713,Enterprise,Central,Nagpur,Construction
C01714,Customer 1714,SMB,Central,Nagpur,Energy
C01715,Customer 1715,Enterprise,South,Bengaluru,Construction
C01716,Customer 1716,Mid-Market,East,Kolkata,Automotive
C01717,Customer 1717,Mid-Market,South,Chennai,Manufacturing
C01718,Customer 1718,Mid-Market,West,Mumbai,Logistics
C01719,Customer 1719,Mid-Market,West,Pune,Automotive
C01720,Customer 1720,Mid-Market,Central,Indore,Construction
C01721,Customer 1721,SMB,North,Delhi,Logistics
C01722,Customer 1722,SMB,South,Hyderabad,Construction
C01723,Customer 1723,SMB,East,Guwahati,Manufacturing
C01724,Customer 1724,Mid-Market,West,Pune,Logistics
C01725,Customer 1725,Mid-Market,West,Mumbai,Automotive
C01726,Customer 1726,Mid-Market,North,Delhi,Logistics
C01727,Customer 1727,Mid-Market,South,Bengaluru,Construction
C01728,Customer 1728,Mid-Market,Central,Bhopal,Manufacturing
C01729,Customer 1729,Mid-Market,North,Delhi,Automotive
C01730,Customer 1730,Enterprise,South,Hyderabad,Automotive
C01731,Customer 1731,Enterprise,Central,Indore,Automotive
C01732,Customer 1732,SMB,North,Chandigarh,Construction
C01733,Customer 1733,Enterprise,East,Guwahati,Logistics
C01734,Customer 1734,Mid-Market,South,Hyderabad,Construction
C01735,Customer 1735,Mid-Market,Central,Nagpur,Energy
C01736,Customer 1736,Enterprise,East,Kolkata,Energy
C01737,Customer 1737,SMB,Central,Indore,Construction
C01738,Customer 1738,Enterprise,North,Lucknow,Logistics
C01739,Customer 1739,SMB,West,Mumbai,Manufacturing
C01740,Customer 1740,SMB,East,Bhubaneswar,Healthcare
C01741,Customer 1741,Mid-Market,South,Bengaluru,Construction
C01742,Customer 1742,Enterprise,South,Bengaluru,Automotive
C01743,Customer 1743,Mid-Market,North,Chandigarh,Energy
C01744,Customer 1744,Mid-Market,Central,Bhopal,Manufacturing
C01745,Customer 1745,Mid-Market,East,Kolkata,Energy
C01746,Customer 1746,SMB,West,Ahmedabad,Automotive
C01747,Customer 1747,Mid-Market,East,Bhubaneswar,Energy
C01748,Customer 1748,SMB,West,Ahmedabad,Healthcare
C01749,Customer 1749,Enterprise,West,Mumbai,Automotive
C01750,Customer 1750,SMB,South,Chennai,Energy
C01751,Customer 1751,Mid-Market,West,Mumbai,Logistics
C01752,Customer 1752,Mid-Market,North,Lucknow,Energy
C01753,Customer 1753,Mid-Market,Central,Nagpur,Construction
C01754,Customer 1754,Enterprise,East,Bhubaneswar,Energy
C01755,Customer 1755,SMB,South,Bengaluru,Healthcare
C01756,Customer 1756,Mid-Market,West,Pune,Automotive
C01757,Customer 1757,Mid-Market,North,Delhi,Energy
C01758,Customer 1758,Mid-Market,Central,Nagpur,Energy
C01759,Customer 1759,Mid-Market,Central,Bhopal,Healthcare
C01760,Customer 1760,Enterprise,Central,Indore,Construction
C01761,Customer 1761,Enterprise,South,Bengaluru,Logistics
C01762,Customer 1762,Enterprise,North,Delhi,Healthcare
C01763,Customer 1763,Mid-Market,North,Delhi,Manufacturing
C01764,Customer 1764,Enterprise,North,Delhi,Automotive
C01765,Customer 1765,SMB,North,Delhi,Construction
C01766,Customer 1766,Mid-Market,North,Chandigarh,Logistics
C01767,Customer 1767,Mid-Market,Central,Indore,Construction
C01768,Customer 1768,Mid-Market,North,Lucknow,Healthcare
C01769,Customer 1769,Mid-Market,North,Lucknow,Logistics
C01770,Customer 1770,Mid-Market,Central,Bhopal,Energy
C01771,Customer 1771,Mid-Market,West,Pune,Energy
C01772,Customer 1772,Mid-Market,East,Kolkata,Automotive
C01773,Customer 1773,Mid-Market,West,Ahmedabad,Logistics
C01774,Customer 1774,Mid-Market,Central,Indore,Energy
C01775,Customer 1775,SMB,West,Pune,Manufacturing
C01776,Customer 1776,Mid-Market,West,Pune,Manufacturing
C01777,Customer 1777,Mid-Market,East,Guwahati,Automotive
C01778,Customer 1778,Enterprise,South,Hyderabad,Automotive
C01779,Customer 1779,Mid-Market,South,Chennai,Construction
C01780,Customer 1780,SMB,West,Ahmedabad,Energy
C01781,Customer 1781,Enterprise,North,Chandigarh,Construction
C01782,Customer 1782,Mid-Market,East,Guwahati,Manufacturing
C01783,Customer 1783,Mid-Market,South,Bengaluru,Logistics
C01784,Customer 1784,Enterprise,North,Lucknow,Logistics
C01785,Customer 1785,SMB,South,Bengaluru,Automotive
C01786,Customer 1786,Mid-Market,Central,Bhopal,Energy
C01787,Customer 1787,SMB,South,Hyderabad,Energy
C01788,Customer 1788,Mid-Market,East,Guwahati,Manufacturing
C01789,Customer 1789,SMB,Central,Indore,Construction
C01790,Customer 1790,Mid-Market,North,Chandigarh,Logistics
C01791,Customer 1791,Mid-Market,East,Guwahati,Manufacturing
C01792,Customer 1792,SMB,South,Bengaluru,Healthcare
C01793,Customer 1793,Mid-Market,North,Delhi,Construction
C01794,Customer 1794,Mid-Market,East,Kolkata,Healthcare
C01795,Customer 1795,SMB,Central,Indore,Construction
C01796,Customer 1796,Mid-Market,South,Hyderabad,Manufacturing
C01797,Customer 1797,Mid-Market,West,Pune,Manufacturing
C01798,Customer 1798,Mid-Market,South,Bengaluru,Logistics
C01799,Customer 1799,SMB,West,Mumbai,Logistics
C01800,Customer 1800,SMB,West,Mumbai,Healthcare
C01801,Customer 1801,Mid-Market,West,Ahmedabad,Automotive
C01802,Customer 1802,Mid-Market,West,Ahmedabad,Manufacturing
C01803,Customer 1803,Enterprise,North,Delhi,Energy
C01804,Customer 1804,Mid-Market,East,Kolkata,Energy
C01805,Customer 1805,SMB,East,Kolkata,Manufacturing
C01806,Customer 1806,Mid-Market,East,Guwahati,Manufacturing
C01807,Customer 1807,Enterprise,North,Lucknow,Manufacturing
C01808,Customer 1808,Mid-Market,South,Chennai,Logistics
C01809,Customer 1809,Mid-Market,South,Bengaluru,Manufacturing
C01810,Customer 1810,SMB,North,Chandigarh,Energy
C01811,Customer 1811,Enterprise,South,Bengaluru,Manufacturing
C01812,Customer 1812,Mid-Market,South,Chennai,Healthcare
C01813,Customer 1813,SMB,East,Bhubaneswar,Logistics
C01814,Customer 1814,SMB,South,Bengaluru,Automotive
C01815,Customer 1815,Enterprise,Central,Bhopal,Manufacturing
C01816,Customer 1816,SMB,West,Pune,Energy
C01817,Customer 1817,Mid-Market,East,Bhubaneswar,Construction
C01818,Customer 1818,SMB,West,Mumbai,Logistics
C01819,Customer 1819,Enterprise,West,Mumbai,Manufacturing
C01820,Customer 1820,Mid-Market,West,Ahmedabad,Energy
C01821,Customer 1821,Mid-Market,Central,Indore,Construction
C01822,Customer 1822,Mid-Market,West,Mumbai,Manufacturing
C01823,Customer 1823,Mid-Market,West,Ahmedabad,Construction
C01824,Customer 1824,Mid-Market,West,Mumbai,Healthcare
C01825,Customer 1825,Mid-Market,East,Bhubaneswar,Logistics
C01826,Customer 1826,Enterprise,North,Lucknow,Construction
C01827,Customer 1827,Mid-Market,West,Pune,Construction
C01828,Customer 1828,Enterprise,West,Pune,Automotive
C01829,Customer 1829,SMB,Central,Indore,Logistics
C01830,Customer 1830,SMB,West,Pune,Logistics
C01831,Customer 1831,Mid-Market,West,Pune,Automotive
C01832,Customer 1832,Enterprise,Central,Nagpur,Manufacturing
C01833,Customer 1833,Enterprise,South,Bengaluru,Manufacturing
C01834,Customer 1834,Mid-Market,North,Delhi,Construction
C01835,Customer 1835,SMB,North,Lucknow,Energy
C01836,Customer 1836,Mid-Market,North,Lucknow,Energy
C01837,Customer 1837,Enterprise,North,Lucknow,Manufacturing
C01838,Customer 1838,Enterprise,South,Bengaluru,Automotive
C01839,Customer 1839,Mid-Market,East,Guwahati,Logistics
C01840,Customer 1840,SMB,East,Kolkata,Healthcare
C01841,Customer 1841,Mid-Market,North,Chandigarh,Manufacturing
C01842,Customer 1842,Mid-Market,West,Mumbai,Construction
C01843,Customer 1843,Mid-Market,North,Lucknow,Logistics
C01844,Customer 1844,SMB,Central,Indore,Logistics
C01845,Customer 1845,Mid-Market,North,Lucknow,Healthcare
C01846,Customer 1846,SMB,West,Mumbai,Healthcare
C01847,Customer 1847,SMB,South,Chennai,Construction
C01848,Customer 1848,Mid-Market,West,Pune,Healthcare
C01849,Customer 1849,SMB,South,Bengaluru,Energy
C01850,Customer 1850,Mid-Market,East,Kolkata,Manufacturing
C01851,Customer 1851,Mid-Market,South,Chennai,Automotive
C01852,Customer 1852,Enterprise,Central,Indore,Manufacturing
C01853,Customer 1853,Mid-Market,West,Mumbai,Energy
C01854,Customer 1854,Enterprise,East,Bhubaneswar,Manufacturing
C01855,Customer 1855,Enterprise,Central,Indore,Energy
C01856,Customer 1856,Enterprise,Central,Indore,Construction
C01857,Customer 1857,Mid-Market,South,Hyderabad,Manufacturing
C01858,Customer 1858,Mid-Market,South,Chennai,Construction
C01859,Customer 1859,Mid-Market,South,Chennai,Automotive
C01860,Customer 1860,Mid-Market,South,Chennai,Manufacturing
C01861,Customer 1861,SMB,West,Mumbai,Automotive
C01862,Customer 1862,SMB,Central,Nagpur,Construction
C01863,Customer 1863,Enterprise,Central,Indore,Logistics
C01864,Customer 1864,Mid-Market,West,Ahmedabad,Construction
C01865,Customer 1865,Mid-Market,West,Pune,Energy
C01866,Customer 1866,SMB,Central,Indore,Manufacturing
C01867,Customer 1867,Mid-Market,Central,Bhopal,Logistics
C01868,Customer 1868,SMB,North,Delhi,Automotive
C01869,Customer 1869,Enterprise,West,Mumbai,Logistics
C01870,Customer 1870,Mid-Market,Central,Bhopal,Logistics
C01871,Customer 1871,SMB,South,Hyderabad,Logistics
C01872,Customer 1872,Mid-Market,South,Chennai,Construction
C01873,Customer 1873,SMB,Central,Nagpur,Manufacturing
C01874,Customer 1874,Enterprise,Central,Bhopal,Logistics
C01875,Customer 1875,Enterprise,Central,Nagpur,Automotive
C01876,Customer 1876,Enterprise,East,Kolkata,Energy
C01877,Customer 1877,Enterprise,South,Bengaluru,Automotive
C01878,Customer 1878,Enterprise,South,Chennai,Automotive
C01879,Customer 1879,Mid-Market,West,Mumbai,Energy
C01880,Customer 1880,Mid-Market,West,Pune,Logistics
C01881,Customer 1881,Mid-Market,West,Mumbai,Healthcare
C01882,Customer 1882,Mid-Market,West,Mumbai,Construction
C01883,Customer 1883,Enterprise,South,Hyderabad,Healthcare
C01884,Customer 1884,Mid-Market,East,Kolkata,Automotive
C01885,Customer 1885,Enterprise,South,Hyderabad,Logistics
C01886,Customer 1886,SMB,South,Chennai,Automotive
C01887,Customer 1887,Enterprise,North,Delhi,Healthcare
C01888,Customer 1888,Mid-Market,North,Delhi,Healthcare
C01889,Customer 1889,SMB,Central,Indore,Automotive
C01890,Customer 1890,Mid-Market,South,Chennai,Energy
C01891,Customer 1891,Mid-Market,South,Hyderabad,Manufacturing
C01892,Customer 1892,Mid-Market,East,Bhubaneswar,Manufacturing
C01893,Customer 1893,Enterprise,West,Mumbai,Energy
C01894,Customer 1894,Mid-Market,North,Lucknow,Healthcare
C01895,Customer 1895,SMB,South,Bengaluru,Logistics
C01896,Customer 1896,SMB,North,Lucknow,Construction
C01897,Customer 1897,Mid-Market,West,Mumbai,Manufacturing
C01898,Customer 1898,Mid-Market,South,Chennai,Healthcare
C01899,Customer 1899,SMB,North,Delhi,Construction
C01900,Customer 1900,Mid-Market,North,Delhi,Healthcare
C01901,Customer 1901,Mid-Market,West,Pune,Manufacturing
C01902,Customer 1902,Enterprise,North,Delhi,Energy
C01903,Customer 1903,Enterprise,Central,Indore,Manufacturing
C01904,Customer 1904,Mid-Market,North,Chandigarh,Energy
C01905,Customer 1905,Enterprise,West,Mumbai,Automotive
C01906,Customer 1906,Enterprise,South,Hyderabad,Construction
C01907,Customer 1907,Enterprise,South,Chennai,Construction
C01908,Customer 1908,SMB,North,Delhi,Energy
C01909,Customer 1909,Enterprise,East,Bhubaneswar,Energy
C01910,Customer 1910,Enterprise,Central,Indore,Healthcare
C01911,Customer 1911,Mid-Market,North,Chandigarh,Automotive
C01912,Customer 1912,Mid-Market,North,Delhi,Healthcare
C01913,Customer 1913,SMB,Central,Indore,Healthcare
C01914,Customer 1914,SMB,West,Mumbai,Construction
C01915,Customer 1915,Mid-Market,North,Lucknow,Manufacturing
C01916,Customer 1916,Mid-Market,North,Delhi,Healthcare
C01917,Customer 1917,Mid-Market,West,Ahmedabad,Healthcare
C01918,Customer 1918,Enterprise,East,Guwahati,Logistics
C01919,Customer 1919,Mid-Market,West,Pune,Manufacturing
C01920,Customer 1920,Enterprise,Central,Indore,Healthcare
C01921,Customer 1921,Enterprise,West,Ahmedabad,Automotive
C01922,Customer 1922,Mid-Market,South,Chennai,Energy
C01923,Customer 1923,Enterprise,West,Mumbai,Manufacturing
C01924,Customer 1924,Enterprise,South,Chennai,Healthcare
C01925,Customer 1925,Mid-Market,South,Chennai,Energy
C01926,Customer 1926,Mid-Market,North,Delhi,Healthcare
C01927,Customer 1927,Enterprise,South,Bengaluru,Healthcare
C01928,Customer 1928,Enterprise,East,Guwahati,Energy
C01929,Customer 1929,Enterprise,North,Delhi,Manufacturing
C01930,Customer 1930,Mid-Market,South,Hyderabad,Logistics
C01931,Customer 1931,SMB,West,Mumbai,Construction
C01932,Customer 1932,SMB,West,Ahmedabad,Automotive
C01933,Customer 1933,Mid-Market,East,Kolkata,Construction
C01934,Customer 1934,Mid-Market,East,Kolkata,Energy
C01935,Customer 1935,SMB,East,Kolkata,Automotive
C01936,Customer 1936,Mid-Market,North,Delhi,Healthcare
C01937,Customer 1937,Enterprise,West,Pune,Logistics
C01938,Customer 1938,Enterprise,West,Mumbai,Automotive
C01939,Customer 1939,Mid-Market,South,Chennai,Healthcare
C01940,Customer 1940,Mid-Market,North,Chandigarh,Automotive
C01941,Customer 1941,Enterprise,South,Bengaluru,Healthcare
C01942,Customer 1942,Mid-Market,South,Chennai,Construction
C01943,Customer 1943,Mid-Market,South,Hyderabad,Manufacturing
C01944,Customer 1944,Mid-Market,North,Lucknow,Logistics
C01945,Customer 1945,Mid-Market,Central,Indore,Healthcare
C01946,Customer 1946,Mid-Market,Central,Bhopal,Automotive
C01947,Customer 1947,Mid-Market,North,Chandigarh,Healthcare
C01948,Customer 1948,Enterprise,Central,Bhopal,Logistics
C01949,Customer 1949,Enterprise,North,Chandigarh,Logistics
C01950,Customer 1950,SMB,Central,Bhopal,Manufacturing
C01951,Customer 1951,Mid-Market,Central,Nagpur,Manufacturing
C01952,Customer 1952,Enterprise,North,Delhi,Manufacturing
C01953,Customer 1953,Mid-Market,East,Kolkata,Automotive
C01954,Customer 1954,SMB,Central,Bhopal,Healthcare
C01955,Customer 1955,SMB,Central,Bhopal,Energy
C01956,Customer 1956,SMB,Central,Nagpur,Construction
C01957,Customer 1957,Mid-Market,West,Ahmedabad,Construction
C01958,Customer 1958,Mid-Market,North,Delhi,Energy
C01959,Customer 1959,Mid-Market,Central,Indore,Construction
C01960,Customer 1960,Enterprise,West,Pune,Construction
C01961,Customer 1961,Mid-Market,West,Pune,Healthcare
C01962,Customer 1962,Mid-Market,South,Chennai,Healthcare
C01963,Customer 1963,Enterprise,West,Ahmedabad,Manufacturing
C01964,Customer 1964,SMB,North,Delhi,Construction
C01965,Customer 1965,Mid-Market,East,Guwahati,Automotive
C01966,Customer 1966,Enterprise,North,Chandigarh,Automotive
C01967,Customer 1967,Mid-Market,East,Guwahati,Healthcare
C01968,Customer 1968,SMB,Central,Indore,Healthcare
C01969,Customer 1969,SMB,West,Mumbai,Manufacturing
C01970,Customer 1970,Mid-Market,West,Mumbai,Automotive
C01971,Customer 1971,SMB,South,Chennai,Healthcare
C01972,Customer 1972,SMB,Central,Indore,Automotive
C01973,Customer 1973,SMB,East,Guwahati,Automotive
C01974,Customer 1974,SMB,South,Chennai,Energy
C01975,Customer 1975,Mid-Market,North,Delhi,Manufacturing
C01976,Customer 1976,SMB,North,Lucknow,Logistics
C01977,Customer 1977,Mid-Market,West,Mumbai,Construction
C01978,Customer 1978,SMB,Central,Indore,Manufacturing
C01979,Customer 1979,Enterprise,East,Bhubaneswar,Energy
C01980,Customer 1980,SMB,North,Delhi,Automotive
C01981,Customer 1981,SMB,Central,Indore,Construction
C01982,Customer 1982,Mid-Market,South,Bengaluru,Energy
C01983,Customer 1983,SMB,Central,Nagpur,Logistics
C01984,Customer 1984,Mid-Market,South,Bengaluru,Logistics
C01985,Customer 1985,Enterprise,West,Mumbai,Energy
C01986,Customer 1986,Enterprise,Central,Nagpur,Automotive
C01987,Customer 1987,SMB,South,Hyderabad,Logistics
C01988,Customer 1988,Mid-Market,East,Guwahati,Manufacturing
C01989,Customer 1989,Mid-Market,Central,Indore,Energy
C01990,Customer 1990,Mid-Market,North,Chandigarh,Automotive
C01991,Customer 1991,Mid-Market,North,Lucknow,Manufacturing
C01992,Customer 1992,Mid-Market,East,Bhubaneswar,Manufacturing
C01993,Customer 1993,SMB,South,Bengaluru,Logistics
C01994,Customer 1994,Mid-Market,North,Chandigarh,Construction
C01995,Customer 1995,SMB,West,Pune,Energy
C01996,Customer 1996,Mid-Market,East,Kolkata,Construction
C01997,Customer 1997,SMB,South,Hyderabad,Energy
C01998,Customer 1998,Mid-Market,South,Bengaluru,Construction
C01999,Customer 1999,Mid-Market,Central,Nagpur,Energy
C02000,Customer 2000,Enterprise,West,Ahmedabad,Logistics
C02001,Customer 2001,Mid-Market,Central,Nagpur,Healthcare
C02002,Customer 2002,Mid-Market,South,Chennai,Automotive
C02003,Customer 2003,SMB,Central,Indore,Manufacturing
C02004,Customer 2004,Mid-Market,West,Ahmedabad,Energy
C02005,Customer 2005,Enterprise,North,Lucknow,Energy
C02006,Customer 2006,Mid-Market,Central,Bhopal,Logistics
C02007,Customer 2007,SMB,West,Ahmedabad,Logistics
C02008,Customer 2008,Mid-Market,North,Chandigarh,Automotive
C02009,Customer 2009,Enterprise,North,Chandigarh,Automotive
C02010,Customer 2010,Mid-Market,East,Guwahati,Healthcare
C02011,Customer 2011,Mid-Market,North,Lucknow,Energy
C02012,Customer 2012,Mid-Market,South,Hyderabad,Manufacturing
C02013,Customer 2013,Mid-Market,North,Delhi,Automotive
C02014,Customer 2014,Mid-Market,South,Bengaluru,Automotive
C02015,Customer 2015,Mid-Market,South,Bengaluru,Energy
C02016,Customer 2016,Mid-Market,West,Mumbai,Manufacturing
C02017,Customer 2017,Enterprise,South,Bengaluru,Healthcare
C02018,Customer 2018,SMB,North,Delhi,Logistics
C02019,Customer 2019,Mid-Market,West,Ahmedabad,Automotive
C02020,Customer 2020,Mid-Market,South,Bengaluru,Logistics
C02021,Customer 2021,Enterprise,West,Pune,Healthcare
C02022,Customer 2022,Mid-Market,North,Chandigarh,Healthcare
C02023,Customer 2023,SMB,North,Delhi,Manufacturing
C02024,Customer 2024,Enterprise,South,Chennai,Manufacturing
C02025,Customer 2025,Enterprise,South,Chennai,Healthcare
C02026,Customer 2026,Enterprise,South,Chennai,Energy
C02027,Customer 2027,Mid-Market,East,Guwahati,Energy
C02028,Customer 2028,SMB,South,Hyderabad,Healthcare
C02029,Customer 2029,Mid-Market,West,Ahmedabad,Energy
C02030,Customer 2030,Mid-Market,West,Mumbai,Manufacturing
C02031,Customer 2031,SMB,North,Lucknow,Manufacturing
C02032,Customer 2032,SMB,West,Ahmedabad,Construction
C02033,Customer 2033,Mid-Market,South,Bengaluru,Logistics
C02034,Customer 2034,Enterprise,South,Hyderabad,Healthcare
C02035,Customer 2035,Mid-Market,North,Chandigarh,Automotive
C02036,Customer 2036,SMB,East,Kolkata,Logistics
C02037,Customer 2037,Mid-Market,Central,Bhopal,Healthcare
C02038,Customer 2038,Mid-Market,North,Delhi,Energy
C02039,Customer 2039,SMB,West,Mumbai,Construction
C02040,Customer 2040,Mid-Market,East,Kolkata,Energy
C02041,Customer 2041,Mid-Market,South,Chennai,Manufacturing
C02042,Customer 2042,Enterprise,East,Kolkata,Automotive
C02043,Customer 2043,SMB,West,Pune,Energy
C02044,Customer 2044,Mid-Market,Central,Bhopal,Construction
C02045,Customer 2045,Mid-Market,Central,Indore,Construction
C02046,Customer 2046,Enterprise,North,Lucknow,Manufacturing
C02047,Customer 2047,SMB,South,Bengaluru,Automotive
C02048,Customer 2048,SMB,West,Ahmedabad,Energy
C02049,Customer 2049,Mid-Market,North,Delhi,Manufacturing
C02050,Customer 2050,Enterprise,South,Bengaluru,Construction
C02051,Customer 2051,SMB,Central,Bhopal,Manufacturing
C02052,Customer 2052,SMB,North,Lucknow,Automotive
C02053,Customer 2053,Mid-Market,South,Chennai,Energy
C02054,Customer 2054,Mid-Market,Central,Bhopal,Energy
C02055,Customer 2055,SMB,South,Hyderabad,Energy
C02056,Customer 2056,SMB,West,Mumbai,Manufacturing
C02057,Customer 2057,Mid-Market,Central,Indore,Manufacturing
C02058,Customer 2058,Mid-Market,West,Pune,Logistics
C02059,Customer 2059,Mid-Market,North,Chandigarh,Energy
C02060,Customer 2060,SMB,North,Chandigarh,Manufacturing
C02061,Customer 2061,Mid-Market,Central,Indore,Energy
C02062,Customer 2062,Enterprise,South,Hyderabad,Energy
C02063,Customer 2063,Enterprise,West,Mumbai,Construction
C02064,Customer 2064,SMB,North,Delhi,Automotive
C02065,Customer 2065,SMB,South,Bengaluru,Energy
C02066,Customer 2066,SMB,Central,Nagpur,Healthcare
C02067,Customer 2067,Mid-Market,West,Pune,Healthcare
C02068,Customer 2068,SMB,Central,Indore,Manufacturing
C02069,Customer 2069,SMB,South,Hyderabad,Logistics
C02070,Customer 2070,Mid-Market,West,Mumbai,Construction
C02071,Customer 2071,Enterprise,Central,Indore,Logistics
C02072,Customer 2072,SMB,South,Bengaluru,Energy
C02073,Customer 2073,Enterprise,South,Hyderabad,Construction
C02074,Customer 2074,Mid-Market,Central,Bhopal,Manufacturing
C02075,Customer 2075,Mid-Market,South,Bengaluru,Automotive
C02076,Customer 2076,Mid-Market,West,Mumbai,Logistics
C02077,Customer 2077,Mid-Market,Central,Indore,Manufacturing
C02078,Customer 2078,SMB,North,Chandigarh,Logistics
C02079,Customer 2079,Enterprise,South,Chennai,Automotive
C02080,Customer 2080,SMB,North,Delhi,Healthcare
C02081,Customer 2081,Enterprise,South,Hyderabad,Energy
C02082,Customer 2082,Mid-Market,North,Lucknow,Automotive
C02083,Customer 2083,SMB,East,Guwahati,Energy
C02084,Customer 2084,Enterprise,North,Chandigarh,Energy
C02085,Customer 2085,Mid-Market,East,Guwahati,Manufacturing
C02086,Customer 2086,SMB,South,Chennai,Automotive
C02087,Customer 2087,Enterprise,South,Chennai,Healthcare
C02088,Customer 2088,Enterprise,South,Bengaluru,Logistics
C02089,Customer 2089,Mid-Market,East,Kolkata,Healthcare
C02090,Customer 2090,SMB,West,Mumbai,Energy
C02091,Customer 2091,Mid-Market,South,Chennai,Manufacturing
C02092,Customer 2092,Mid-Market,Central,Nagpur,Automotive
C02093,Customer 2093,SMB,West,Mumbai,Automotive
C02094,Customer 2094,Mid-Market,North,Chandigarh,Manufacturing
C02095,Customer 2095,Mid-Market,Central,Indore,Manufacturing
C02096,Customer 2096,Mid-Market,South,Chennai,Logistics
C02097,Customer 2097,Mid-Market,North,Chandigarh,Manufacturing
C02098,Customer 2098,Mid-Market,West,Ahmedabad,Healthcare
C02099,Customer 2099,Mid-Market,North,Delhi,Automotive
C02100,Customer 2100,Enterprise,South,Hyderabad,Energy
C02101,Customer 2101,Mid-Market,East,Kolkata,Energy
C02102,Customer 2102,Enterprise,North,Lucknow,Automotive
C02103,Customer 2103,Mid-Market,East,Bhubaneswar,Construction
C02104,Customer 2104,Enterprise,Central,Nagpur,Energy
C02105,Customer 2105,Mid-Market,West,Pune,Manufacturing
C02106,Customer 2106,SMB,East,Kolkata,Automotive
C02107,Customer 2107,Mid-Market,East,Guwahati,Automotive
C02108,Customer 2108,Enterprise,Central,Nagpur,Manufacturing
C02109,Customer 2109,Mid-Market,South,Chennai,Healthcare
C02110,Customer 2110,SMB,North,Delhi,Manufacturing
C02111,Customer 2111,Mid-Market,West,Mumbai,Manufacturing
C02112,Customer 2112,SMB,West,Ahmedabad,Construction
C02113,Customer 2113,Mid-Market,North,Delhi,Construction
C02114,Customer 2114,Enterprise,West,Mumbai,Automotive
C02115,Customer 2115,SMB,North,Lucknow,Healthcare
C02116,Customer 2116,Mid-Market,Central,Indore,Manufacturing
C02117,Customer 2117,Enterprise,South,Bengaluru,Logistics
C02118,Customer 2118,SMB,North,Chandigarh,Automotive
C02119,Customer 2119,Enterprise,North,Delhi,Logistics
C02120,Customer 2120,Mid-Market,South,Bengaluru,Energy
C02121,Customer 2121,Mid-Market,South,Bengaluru,Manufacturing
C02122,Customer 2122,Mid-Market,North,Delhi,Construction
C02123,Customer 2123,SMB,South,Bengaluru,Construction
C02124,Customer 2124,Enterprise,North,Lucknow,Construction
C02125,Customer 2125,SMB,South,Bengaluru,Manufacturing
C02126,Customer 2126,Mid-Market,South,Bengaluru,Manufacturing
C02127,Customer 2127,SMB,South,Bengaluru,Logistics
C02128,Customer 2128,SMB,South,Hyderabad,Automotive
C02129,Customer 2129,SMB,North,Lucknow,Logistics
C02130,Customer 2130,Mid-Market,North,Chandigarh,Construction
C02131,Customer 2131,Mid-Market,North,Delhi,Automotive
C02132,Customer 2132,Mid-Market,East,Kolkata,Healthcare
C02133,Customer 2133,Mid-Market,Central,Nagpur,Healthcare
C02134,Customer 2134,Mid-Market,Central,Indore,Logistics
C02135,Customer 2135,SMB,West,Ahmedabad,Healthcare
C02136,Customer 2136,Enterprise,West,Ahmedabad,Logistics
C02137,Customer 2137,SMB,South,Hyderabad,Logistics
C02138,Customer 2138,Enterprise,East,Guwahati,Logistics
C02139,Customer 2139,SMB,East,Kolkata,Healthcare
C02140,Customer 2140,Enterprise,Central,Indore,Automotive
C02141,Customer 2141,Enterprise,Central,Bhopal,Energy
C02142,Customer 2142,SMB,South,Chennai,Healthcare
C02143,Customer 2143,SMB,East,Kolkata,Manufacturing
C02144,Customer 2144,SMB,East,Bhubaneswar,Logistics
C02145,Customer 2145,SMB,South,Bengaluru,Automotive
C02146,Customer 2146,Mid-Market,Central,Nagpur,Logistics
C02147,Customer 2147,SMB,North,Lucknow,Energy
C02148,Customer 2148,Mid-Market,Central,Bhopal,Logistics
C02149,Customer 2149,Mid-Market,East,Bhubaneswar,Construction
C02150,Customer 2150,Mid-Market,North,Lucknow,Construction
C02151,Customer 2151,Enterprise,West,Pune,Energy
C02152,Customer 2152,Mid-Market,North,Lucknow,Logistics
C02153,Customer 2153,SMB,East,Kolkata,Energy
C02154,Customer 2154,Enterprise,East,Bhubaneswar,Construction
C02155,Customer 2155,SMB,West,Pune,Automotive
C02156,Customer 2156,Mid-Market,Central,Nagpur,Healthcare
C02157,Customer 2157,Enterprise,North,Delhi,Construction
C02158,Customer 2158,Mid-Market,South,Bengaluru,Automotive
C02159,Customer 2159,Enterprise,South,Chennai,Manufacturing
C02160,Customer 2160,Enterprise,North,Delhi,Automotive
C02161,Customer 2161,Mid-Market,South,Hyderabad,Construction
C02162,Customer 2162,Enterprise,South,Hyderabad,Healthcare
C02163,Customer 2163,Enterprise,South,Hyderabad,Automotive
C02164,Customer 2164,SMB,South,Bengaluru,Logistics
C02165,Customer 2165,Enterprise,Central,Indore,Logistics
C02166,Customer 2166,SMB,South,Bengaluru,Healthcare
C02167,Customer 2167,SMB,Central,Indore,Energy
C02168,Customer 2168,Enterprise,South,Bengaluru,Energy
C02169,Customer 2169,Mid-Market,South,Bengaluru,Construction
C02170,Customer 2170,Enterprise,West,Mumbai,Construction
C02171,Customer 2171,Mid-Market,South,Chennai,Healthcare
C02172,Customer 2172,Enterprise,South,Hyderabad,Energy
C02173,Customer 2173,SMB,West,Mumbai,Logistics
C02174,Customer 2174,Enterprise,North,Chandigarh,Manufacturing
C02175,Customer 2175,Mid-Market,South,Bengaluru,Manufacturing
C02176,Customer 2176,Enterprise,West,Pune,Automotive
C02177,Customer 2177,Enterprise,South,Bengaluru,Automotive
C02178,Customer 2178,Mid-Market,Central,Indore,Automotive
C02179,Customer 2179,Mid-Market,South,Bengaluru,Energy
C02180,Customer 2180,SMB,Central,Nagpur,Logistics
C02181,Customer 2181,Enterprise,East,Bhubaneswar,Healthcare
C02182,Customer 2182,Enterprise,Central,Nagpur,Energy
C02183,Customer 2183,Mid-Market,Central,Nagpur,Healthcare
C02184,Customer 2184,Mid-Market,North,Lucknow,Healthcare
C02185,Customer 2185,SMB,West,Ahmedabad,Construction
C02186,Customer 2186,SMB,North,Chandigarh,Construction
C02187,Customer 2187,SMB,East,Bhubaneswar,Energy
C02188,Customer 2188,Enterprise,West,Pune,Healthcare
C02189,Customer 2189,Mid-Market,South,Bengaluru,Automotive
C02190,Customer 2190,SMB,Central,Nagpur,Automotive
C02191,Customer 2191,Mid-Market,North,Delhi,Healthcare
C02192,Customer 2192,Mid-Market,West,Ahmedabad,Construction
C02193,Customer 2193,Mid-Market,East,Bhubaneswar,Healthcare
C02194,Customer 2194,Mid-Market,North,Lucknow,Energy
C02195,Customer 2195,SMB,West,Ahmedabad,Automotive
C02196,Customer 2196,Mid-Market,East,Bhubaneswar,Energy
C02197,Customer 2197,SMB,North,Lucknow,Construction
C02198,Customer 2198,Mid-Market,West,Pune,Manufacturing
C02199,Customer 2199,Enterprise,South,Bengaluru,Manufacturing
C02200,Customer 2200,Mid-Market,East,Kolkata,Construction
